<?xml version="1.0" encoding="UTF-8"?>

<!-- generated on 07/13/21 06:06:05 by Eclipse SUMO netedit Version 1.6.0
<configuration xmlns:xsi="http://www.w3.org/2001/XMLSchema-instance" xsi:noNamespaceSchemaLocation="http://sumo.dlr.de/xsd/netconvertConfiguration.xsd">

    <input>
        <sumo-net-file value="D:\Personal_Work\SUMO_Unity\Willoughby\osm.net.xml"/>
    </input>

    <output>
        <output-file value="D:\Personal_Work\SUMO_Unity\Willoughby\osm.net.xml"/>
        <output.street-names value="true"/>
    </output>

    <processing>
        <geometry.min-radius.fix.railways value="false"/>
        <geometry.max-grade.fix value="false"/>
        <offset.disable-normalization value="true"/>
        <lefthand value="false"/>
    </processing>

    <junctions>
        <no-internal-links value="false"/>
        <no-turnarounds value="true"/>
        <junctions.corner-detail value="5"/>
        <junctions.limit-turn-speed value="5.5"/>
        <rectangular-lane-cut value="false"/>
    </junctions>

    <pedestrian>
        <walkingareas value="true"/>
    </pedestrian>

    <netedit>
        <route-files value="D:\Personal_Work\SUMO_Unity\Willoughby\willoughby.rou.xml"/>
    </netedit>

    <report>
        <aggregate-warnings value="5"/>
    </report>

</configuration>
-->

<routes xmlns:xsi="http://www.w3.org/2001/XMLSchema-instance" xsi:noNamespaceSchemaLocation="http://sumo.dlr.de/xsd/routes_file.xsd">
    <vType id="car" vClass="passenger" length="5" accel="2.5" decel="5" sigma="0.5" lcOpposite="1000"/>
    <vType id="speeding" vClass="passenger" length="5" width="2" accel="5" decel="5" sigma="0.5" maxSpeed="50" minGap="5" lcOpposite="1000"/>
    <vType id="accident" vClass="truck" length="5.5" width="2.5" accel="5" decel="3" sigma="1" maxSpeed="50" minGap="0.5"/>

    <vType id="barrel" vClass="passenger" length="0.5" width="0.5" accel="0.01" decel="100" sigma="0.5" minGap="0.5" maxSpeed="0.01"/>
    
    <vehicle id="carA" depart="0.00" type="speeding" departLane="free" color="orange">
        <route edges="222246977.17 802705820 gneE12 222246980#0 222246980#1 221604537#0"/>
    </vehicle>
    <vehicle id="carB" depart="0.00" type="speeding" departLane="free" color="green">
        <route edges="222246977.17 717725269 222246978 -221604537#1"/>
    </vehicle>
    <vehicle id="carC" depart="0.00" type="car" departLane="free" color="90,60,90">
        <route edges="5678195#0 5678195#1 717725269 -386201385 gneE11 gneE12 gneE13 46788738"/>
    </vehicle>
    <vehicle id="carD" depart="0.00" type="car" departLane="free" color="red">
        <route edges="5678195#1 802705820 gneE14 gneE15 gneE16 222246980#0"/>
    </vehicle>
    <vehicle id="carE" depart="0.00" type="car" departLane="free" color="blue">
        <route edges="5678195#0 5678195#1 717725269 -386201385 gneE11 gneE12 gneE13 46788738"/>
    </vehicle>

    <vehicle id="Barrel1" depart="0.00" type="barrel" departLane="2" departPos="36" arrivalPos="85" color="yellow">
        <route edges="802705820 gneE14"/>
        <stop lane="802705820_2" endPos="36.1" until="100000"/>
    </vehicle>
    <!-- <vehicle id="Accident" depart="33.00" type="accident" departLane="1" arrivalLane="2" departPos="55" arrivalPos="40" color="red"> -->
    <!--vehicle id="Accident" depart="75.00" type="accident" departLane="1" arrivalLane="2" departPos="55" arrivalPos="40" color="red"-->
    <vehicle id="Accident" depart="1.00" type="accident" departLane="1" arrivalLane="2" departPos="10" arrivalPos="40" color="red">
        <!--route edges="222246977.17 802705820"/-->
        <route edges="222248833 -221604537#1 222246977.17  802705820"/>
        <stop lane="222248833_1" endPos="10" until="1000000"/>
    </vehicle>
    <!--flow id="B_B" begin="0.00" from="222246980#0" to="222246980#1" end="3600.00" vehsPerHour="300.00"/>
    <flow id="B_J_up" begin="0.00" from="222246980#0" to="-386201385" end="3600.00" vehsPerHour="800.00"/>
    <flow id="J_J_down" begin="0.00" from="386201385" to="222246978" end="3600.00" vehsPerHour="600.00"/>
    <personFlow id="J_J_p2" begin="0.00" end="3600.00" personsPerHour="1000.00">
        <personTrip from="386201385" to="222246978"/>
    </personFlow>
    <flow id="J_J_up" begin="0.00" from="-852459539" to="-386201385" end="3600.00" vehsPerHour="600.00"/>
    <flow id="L_J_up" begin="0.00" from="222246977.17" to="-386201385" end="3600.00" vehsPerHour="500.00"/>
    <flow id="L_L" begin="0.00" from="222246977.17" to="802705820" end="3600.00" vehsPerHour="300.00"/>
    <personFlow id="L_L_p1" begin="0.00" end="3600.00" personsPerHour="500.00">
        <personTrip from="222246977.17" to="802705820"/>
    </personFlow>
    <personFlow id="W_W_p1" begin="0.00" end="3600.00" personsPerHour="1500.00">
        <personTrip from="5678195#1" to="717725269"/>
    </personFlow>
    <personFlow id="personFlow_0" begin="0.00" end="3600.00" personsPerHour="1000.00">
        <personTrip from="-852459539" to="-386201385"/>
    </personFlow>
    <personFlow id="personFlow_1" begin="0.00" end="3600.00" personsPerHour="1000.00">
        <personTrip from="-5678195#1" to="-5678195#0"/>
    </personFlow>
    <personFlow id="personFlow_2" begin="0.00" end="3600.00" personsPerHour="1000.00">
        <personTrip from="386201385" to="222246978"/>
    </personFlow>
    <personFlow id="personFlow_3" begin="0.00" end="3600.00" personsPerHour="1000.00">
        <personTrip from="gneE8" to="gneE10"/>
    </personFlow-->
</routes>
