<?xml version="1.0" encoding="UTF-8"?>

<!-- generated on 01/25/22 19:04:04 by Eclipse SUMO netedit Version 1.5.0
<configuration xmlns:xsi="http://www.w3.org/2001/XMLSchema-instance" xsi:noNamespaceSchemaLocation="http://sumo.dlr.de/xsd/netconvertConfiguration.xsd">

    <input>
        <sumo-net-file value="C:\Users\bilab\Downloads\SUMO-Unity3D-connection-master\SUMO_Networks\Willoughby_with_accident\willoughby.net.xml"/>
    </input>

    <output>
        <output-file value="C:\Users\bilab\Downloads\SUMO-Unity3D-connection-master\SUMO_Networks\Willoughby_with_accident\willoughby.net.xml"/>
        <output.street-names value="true"/>
    </output>

    <processing>
        <geometry.min-radius.fix.railways value="false"/>
        <geometry.max-grade.fix value="false"/>
        <offset.disable-normalization value="true"/>
        <lefthand value="false"/>
    </processing>

    <junctions>
        <no-internal-links value="false"/>
        <no-turnarounds value="true"/>
        <junctions.corner-detail value="5"/>
        <junctions.limit-turn-speed value="5.5"/>
        <rectangular-lane-cut value="false"/>
    </junctions>

    <pedestrian>
        <walkingareas value="true"/>
    </pedestrian>

    <report>
        <aggregate-warnings value="5"/>
    </report>

</configuration>
-->

<net version="1.3" junctionCornerDetail="5" walkingareas="true" limitTurnSpeed="5.50" xmlns:xsi="http://www.w3.org/2001/XMLSchema-instance" xsi:noNamespaceSchemaLocation="http://sumo.dlr.de/xsd/net_file.xsd">

    <location netOffset="-585424.67,-4504570.53" convBoundary="2.97,302.78,393.69,641.42" origBoundary="-73.988963,40.687528,-73.980359,40.704468" projParameter="+proj=utm +zone=18 +ellps=WGS84 +datum=WGS84 +units=m +no_defs"/>

    <type id="highway.bridleway" priority="1" numLanes="1" speed="2.78" allow="pedestrian" oneway="1" width="2.00"/>
    <type id="highway.bus_guideway" priority="1" numLanes="1" speed="13.89" allow="bus" oneway="1"/>
    <type id="highway.cycleway" priority="1" numLanes="1" speed="8.33" allow="bicycle" oneway="0" width="1.00"/>
    <type id="highway.footway" priority="1" numLanes="1" speed="2.78" allow="pedestrian" oneway="1" width="2.00"/>
    <type id="highway.ford" priority="1" numLanes="1" speed="2.78" allow="army" oneway="0"/>
    <type id="highway.living_street" priority="2" numLanes="1" speed="2.78" disallow="tram rail_urban rail rail_electric rail_fast ship" oneway="0"/>
    <type id="highway.motorway" priority="14" numLanes="2" speed="27.78" allow="private emergency authority army vip passenger hov taxi bus coach delivery truck trailer motorcycle evehicle custom1 custom2" oneway="1"/>
    <type id="highway.motorway_link" priority="9" numLanes="1" speed="16.67" allow="private emergency authority army vip passenger hov taxi bus coach delivery truck trailer motorcycle evehicle custom1 custom2" oneway="1"/>
    <type id="highway.path" priority="1" numLanes="1" speed="2.78" allow="pedestrian bicycle" oneway="1" width="2.00"/>
    <type id="highway.pedestrian" priority="1" numLanes="1" speed="2.78" allow="pedestrian" oneway="1" width="2.00"/>
    <type id="highway.primary" priority="12" numLanes="2" speed="13.89" disallow="pedestrian tram rail_urban rail rail_electric rail_fast ship" oneway="0" sidewalkWidth="3.00"/>
    <type id="highway.primary_link" priority="7" numLanes="1" speed="13.89" disallow="pedestrian tram rail_urban rail rail_electric rail_fast ship" oneway="0" sidewalkWidth="3.00"/>
    <type id="highway.raceway" priority="15" numLanes="2" speed="83.33" allow="vip" oneway="0"/>
    <type id="highway.residential" priority="3" numLanes="1" speed="13.89" disallow="pedestrian tram rail_urban rail rail_electric rail_fast ship" oneway="0" sidewalkWidth="2.00"/>
    <type id="highway.secondary" priority="11" numLanes="1" speed="13.89" disallow="pedestrian tram rail_urban rail rail_electric rail_fast ship" oneway="0" sidewalkWidth="3.00"/>
    <type id="highway.secondary_link" priority="6" numLanes="1" speed="13.89" disallow="pedestrian tram rail_urban rail rail_electric rail_fast ship" oneway="0" sidewalkWidth="3.00"/>
    <type id="highway.service" priority="1" numLanes="1" speed="5.56" allow="pedestrian delivery bicycle" oneway="0"/>
    <type id="highway.stairs" priority="1" numLanes="1" speed="1.39" allow="pedestrian" oneway="1" width="2.00"/>
    <type id="highway.step" priority="1" numLanes="1" speed="1.39" allow="pedestrian" oneway="1" width="2.00"/>
    <type id="highway.steps" priority="1" numLanes="1" speed="1.39" allow="pedestrian" oneway="1" width="2.00"/>
    <type id="highway.tertiary" priority="10" numLanes="1" speed="13.89" disallow="pedestrian tram rail_urban rail rail_electric rail_fast ship" oneway="0" sidewalkWidth="3.00"/>
    <type id="highway.tertiary_link" priority="5" numLanes="1" speed="13.89" disallow="pedestrian tram rail_urban rail rail_electric rail_fast ship" oneway="0" sidewalkWidth="2.00"/>
    <type id="highway.track" priority="1" numLanes="1" speed="5.56" disallow="tram rail_urban rail rail_electric rail_fast ship" oneway="0"/>
    <type id="highway.trunk" priority="13" numLanes="2" speed="13.89" disallow="pedestrian bicycle tram rail_urban rail rail_electric rail_fast ship" oneway="0"/>
    <type id="highway.trunk_link" priority="8" numLanes="1" speed="13.89" disallow="pedestrian bicycle tram rail_urban rail rail_electric rail_fast ship" oneway="0"/>
    <type id="highway.unclassified" priority="4" numLanes="1" speed="13.89" disallow="pedestrian tram rail_urban rail rail_electric rail_fast ship" oneway="0" sidewalkWidth="2.00"/>
    <type id="highway.unsurfaced" priority="1" numLanes="1" speed="8.33" disallow="tram rail_urban rail rail_electric rail_fast ship" oneway="0"/>
    <type id="railway.highspeed" priority="21" numLanes="1" speed="69.44" allow="rail_fast" oneway="1"/>
    <type id="railway.light_rail" priority="19" numLanes="1" speed="27.78" allow="rail_urban" oneway="1"/>
    <type id="railway.preserved" priority="16" numLanes="1" speed="27.78" allow="rail" oneway="1"/>
    <type id="railway.rail" priority="20" numLanes="1" speed="44.44" allow="rail" oneway="1"/>
    <type id="railway.subway" priority="18" numLanes="1" speed="27.78" allow="rail_urban" oneway="1"/>
    <type id="railway.tram" priority="17" numLanes="1" speed="13.89" allow="tram" oneway="1"/>

    <edge id=":1693893347_0" function="internal">
        <lane id=":1693893347_0_0" index="0" disallow="pedestrian tram rail_urban rail rail_electric rail_fast ship" speed="6.01" length="7.59" shape="145.26,609.82 145.68,611.18 146.85,612.11 148.78,612.63 151.46,612.72"/>
    </edge>
    <edge id=":1693893347_w0" function="walkingarea">
        <lane id=":1693893347_w0_0" index="0" allow="pedestrian" speed="1.00" length="8.83" width="3.20" shape="140.46,609.97 137.46,610.06 151.52,614.32 151.40,611.13 149.85,609.68 146.85,609.77"/>
    </edge>
    <edge id=":278630368_w0" function="walkingarea">
        <lane id=":278630368_w0_0" index="0" allow="pedestrian" speed="1.00" length="8.40" width="2.00" shape="1.52,494.90 0.62,493.11 5.32,502.39 4.42,500.60"/>
    </edge>
    <edge id=":42464827_0" function="internal">
        <lane id=":42464827_0_0" index="0" disallow="pedestrian tram rail_urban rail rail_electric rail_fast ship" speed="12.54" length="19.01" shape="137.68,438.52 137.76,432.86 137.84,428.92 137.23,425.12 135.26,419.92"/>
    </edge>
    <edge id=":42464827_1" function="internal">
        <lane id=":42464827_1_0" index="0" disallow="pedestrian tram rail_urban rail rail_electric rail_fast ship" speed="11.18" length="8.72" shape="137.68,438.52 138.15,433.47 139.45,430.06"/>
    </edge>
    <edge id=":42464827_9" function="internal">
        <lane id=":42464827_9_0" index="0" disallow="pedestrian tram rail_urban rail rail_electric rail_fast ship" speed="11.18" length="10.23" shape="139.45,430.06 139.79,429.19 142.59,425.69 146.56,422.96"/>
    </edge>
    <edge id=":42464827_2" function="internal">
        <lane id=":42464827_2_0" index="0" disallow="pedestrian tram rail_urban rail rail_electric rail_fast ship" speed="10.07" length="12.14" shape="148.02,425.81 144.82,427.99 142.57,430.78 141.25,434.17 141.15,435.22"/>
    </edge>
    <edge id=":42464827_3" function="internal">
        <lane id=":42464827_3_0" index="0" disallow="pedestrian tram rail_urban rail rail_electric rail_fast ship" speed="11.18" length="20.21" shape="148.02,425.81 130.02,435.00"/>
    </edge>
    <edge id=":42464827_4" function="internal">
        <lane id=":42464827_4_0" index="0" disallow="pedestrian tram rail_urban rail rail_electric rail_fast ship" speed="8.35" length="5.60" shape="148.02,425.81 144.13,427.02 142.62,426.77"/>
    </edge>
    <edge id=":42464827_10" function="internal">
        <lane id=":42464827_10_0" index="0" disallow="pedestrian tram rail_urban rail rail_electric rail_fast ship" speed="10.07" length="2.97" shape="141.15,435.22 140.87,438.17"/>
    </edge>
    <edge id=":42464827_11" function="internal">
        <lane id=":42464827_11_0" index="0" disallow="pedestrian tram rail_urban rail rail_electric rail_fast ship" speed="8.35" length="10.57" shape="142.62,426.77 140.71,426.45 137.76,424.08 135.26,419.92"/>
    </edge>
    <edge id=":42464827_5" function="internal">
        <lane id=":42464827_5_0" index="0" disallow="pedestrian tram rail_urban rail rail_electric rail_fast ship" speed="12.54" length="19.04" shape="138.59,419.53 140.54,424.74 141.10,428.54 140.98,432.51 140.87,438.17"/>
    </edge>
    <edge id=":42464827_6" function="internal">
        <lane id=":42464827_6_0" index="0" disallow="pedestrian tram rail_urban rail rail_electric rail_fast ship" speed="8.52" length="12.37" shape="128.57,432.14 132.70,429.49 135.20,426.57 136.05,423.38 135.98,423.07"/>
    </edge>
    <edge id=":42464827_7" function="internal">
        <lane id=":42464827_7_0" index="0" disallow="pedestrian tram rail_urban rail rail_electric rail_fast ship" speed="11.18" length="20.20" shape="128.57,432.14 146.56,422.96"/>
    </edge>
    <edge id=":42464827_8" function="internal">
        <lane id=":42464827_8_0" index="0" disallow="pedestrian tram rail_urban rail rail_electric rail_fast ship" speed="7.79" length="7.31" shape="128.57,432.14 133.86,430.22 135.53,430.39"/>
    </edge>
    <edge id=":42464827_12" function="internal">
        <lane id=":42464827_12_0" index="0" disallow="pedestrian tram rail_urban rail rail_electric rail_fast ship" speed="8.52" length="3.23" shape="135.98,423.07 135.26,419.92"/>
    </edge>
    <edge id=":42464827_13" function="internal">
        <lane id=":42464827_13_0" index="0" disallow="pedestrian tram rail_urban rail rail_electric rail_fast ship" speed="7.79" length="10.69" shape="135.53,430.39 137.67,430.59 140.01,433.24 140.87,438.17"/>
    </edge>
    <edge id=":42464827_c0" function="crossing" crossingEdges="-852459539 222246978">
        <lane id=":42464827_c0_0" index="0" allow="pedestrian" speed="1.00" length="6.41" width="3.00" shape="142.44,436.64 136.05,437.06"/>
    </edge>
    <edge id=":42464827_c1" function="crossing" crossingEdges="-221604537#1 221604537#1">
        <lane id=":42464827_c1_0" index="0" allow="pedestrian" speed="1.00" length="6.40" width="3.00" shape="144.49,422.22 147.41,427.92"/>
    </edge>
    <edge id=":42464827_c2" function="crossing" crossingEdges="-740570771 222248833">
        <lane id=":42464827_c2_0" index="0" allow="pedestrian" speed="1.00" length="6.48" width="3.00" shape="134.42,421.94 140.67,420.24"/>
    </edge>
    <edge id=":42464827_c3" function="crossing" crossingEdges="46121867#0 -46121867#1">
        <lane id=":42464827_c3_0" index="0" allow="pedestrian" speed="1.00" length="6.40" width="3.00" shape="132.08,435.74 129.18,430.04"/>
    </edge>
    <edge id=":42464827_w0" function="walkingarea">
        <lane id=":42464827_w0_0" index="0" allow="pedestrian" speed="1.00" length="3.48" width="3.00" shape="130.74,436.42 131.65,438.21 133.09,438.89 136.09,438.83 136.15,438.55 135.91,437.16 135.44,436.19 134.70,435.63 133.66,435.48 132.34,435.74"/>
    </edge>
    <edge id=":42464827_w1" function="walkingarea">
        <lane id=":42464827_w1_0" index="0" allow="pedestrian" speed="1.00" length="7.70" width="3.00" shape="142.54,438.14 142.47,437.87 145.47,437.81 149.66,429.01 148.75,427.23 146.79,428.45 145.19,429.91 143.96,431.61 143.10,433.55 142.60,435.72"/>
    </edge>
    <edge id=":42464827_w2" function="walkingarea">
        <lane id=":42464827_w2_0" index="0" allow="pedestrian" speed="1.00" length="3.39" width="3.00" shape="145.83,421.54 144.91,419.76 143.19,418.53 140.45,419.76 140.27,418.80 140.78,420.22 141.61,421.20 142.52,421.83 143.53,422.09 144.63,422.00"/>
    </edge>
    <edge id=":42464827_w3" function="walkingarea">
        <lane id=":42464827_w3_0" index="0" allow="pedestrian" speed="1.00" length="7.61" width="3.00" shape="134.02,420.50 133.41,419.69 130.67,420.92 126.94,428.93 127.84,430.72 130.38,429.23 132.31,427.66 133.61,426.01 134.29,424.28 134.36,422.47"/>
    </edge>
    <edge id=":42464832_0" function="internal">
        <lane id=":42464832_0_0" index="0" disallow="pedestrian tram rail_urban rail rail_electric rail_fast ship" speed="6.19" length="6.56" shape="307.32,352.51 306.80,349.37 305.45,347.62 304.30,347.43"/>
    </edge>
    <edge id=":42464832_1" function="internal">
        <lane id=":42464832_1_0" index="0" disallow="pedestrian tram rail_urban rail rail_electric rail_fast ship" speed="6.19" length="4.23" shape="304.30,347.43 303.27,347.26 300.26,348.30"/>
    </edge>
    <edge id=":42464832_c0" function="crossing" crossingEdges="221604537#0 -221604537#0">
        <lane id=":42464832_c0_0" index="0" allow="pedestrian" speed="1.00" length="6.40" width="4.00" shape="302.77,348.82 299.88,343.11"/>
    </edge>
    <edge id=":42464832_w0" function="walkingarea">
        <lane id=":42464832_w0_0" index="0" allow="pedestrian" speed="1.00" length="3.43" width="4.00" shape="300.98,349.73 301.89,351.51 303.73,352.61 305.72,352.55 305.55,351.04 305.14,349.95 304.47,349.27 303.56,349.01 302.39,349.16"/>
    </edge>
    <edge id=":42464832_w1" function="walkingarea">
        <lane id=":42464832_w1_0" index="0" allow="pedestrian" speed="1.00" length="2.24" width="4.00" shape="297.19,342.23 298.09,344.02 301.30,342.78 303.95,342.60 306.03,343.48 307.56,345.42 308.52,348.41"/>
    </edge>
    <edge id=":42464836_w0" function="walkingarea">
        <lane id=":42464836_w0_0" index="0" allow="pedestrian" speed="1.00" length="5.20" width="2.00" shape="385.29,302.78 387.29,302.73 380.09,302.92 382.09,302.87"/>
    </edge>
    <edge id=":42480566_0" function="internal">
        <lane id=":42480566_0_0" index="0" disallow="pedestrian tram rail_urban rail rail_electric rail_fast ship" speed="5.96" length="7.53" shape="388.01,605.97 390.47,605.72 392.21,605.01 393.23,603.86 393.54,602.25"/>
    </edge>
    <edge id=":42480566_w0" function="walkingarea">
        <lane id=":42480566_w0_0" index="0" allow="pedestrian" speed="1.00" length="4.68" width="3.20" shape="391.94,602.29 389.94,602.35 388.00,604.37 388.02,607.57"/>
    </edge>
    <edge id=":42480569_0" function="internal">
        <lane id=":42480569_0_0" index="0" disallow="pedestrian tram rail_urban rail rail_electric rail_fast ship" speed="12.54" length="7.11" shape="312.88,610.21 312.66,603.11"/>
    </edge>
    <edge id=":42480569_1" function="internal">
        <lane id=":42480569_1_0" index="0" speed="5.91" length="7.40" shape="312.88,610.21 313.17,608.63 314.17,607.49 315.88,606.79 318.29,606.55"/>
    </edge>
    <edge id=":42480569_2" function="internal">
        <lane id=":42480569_2_0" index="0" disallow="pedestrian tram rail_urban rail rail_electric rail_fast ship" speed="5.98" length="7.42" shape="307.22,606.85 309.64,606.54 311.35,605.81 312.36,604.67 312.66,603.11"/>
    </edge>
    <edge id=":42480569_3" function="internal">
        <lane id=":42480569_3_0" index="0" speed="13.89" length="11.08" shape="307.22,606.85 318.29,606.55"/>
    </edge>
    <edge id=":42480569_w0" function="walkingarea">
        <lane id=":42480569_w0_0" index="0" allow="pedestrian" speed="1.00" length="7.16" width="3.20" shape="311.06,603.15 309.06,603.21 307.16,605.25 307.28,608.45 311.28,610.26 314.48,610.16 318.31,608.15 318.28,604.95 316.26,603.00 314.26,603.06"/>
    </edge>
    <edge id=":42480571_0" function="internal">
        <lane id=":42480571_0_0" index="0" disallow="pedestrian tram rail_urban rail rail_electric rail_fast ship" speed="5.98" length="7.51" shape="234.86,605.98 235.26,607.56 236.34,608.65 238.11,609.27 240.58,609.40"/>
    </edge>
    <edge id=":42480571_1" function="internal">
        <lane id=":42480571_1_0" index="0" disallow="pedestrian tram rail_urban rail rail_electric rail_fast ship" speed="12.54" length="7.29" shape="231.66,606.07 231.91,613.36"/>
    </edge>
    <edge id=":42480571_2" function="internal">
        <lane id=":42480571_2_0" index="0" speed="13.89" length="14.40" shape="226.18,609.95 240.58,609.40"/>
    </edge>
    <edge id=":42480571_3" function="internal">
        <lane id=":42480571_3_0" index="0" speed="6.02" length="7.49" shape="226.18,609.95 228.62,610.08 230.39,610.70 231.49,611.79 231.91,613.36"/>
    </edge>
    <edge id=":42480571_w0" function="walkingarea">
        <lane id=":42480571_w0_0" index="0" allow="pedestrian" speed="1.00" length="8.94" width="3.20" shape="230.06,606.11 228.06,606.17 226.12,608.35 226.24,611.55 230.32,613.44 233.51,613.28 240.64,611.00 240.52,607.80 238.46,605.88 236.46,605.94"/>
    </edge>
    <edge id=":42492210_w0" function="walkingarea">
        <lane id=":42492210_w0_0" index="0" allow="pedestrian" speed="1.00" length="9.40" width="3.00" shape="96.86,317.40 99.52,316.02 88.52,321.74 91.18,320.36"/>
    </edge>
    <edge id=":42494919_0" function="internal">
        <lane id=":42494919_0_0" index="0" disallow="pedestrian tram rail_urban rail rail_electric rail_fast ship" speed="6.68" length="6.45" shape="237.84,513.45 235.44,513.93 233.74,515.16 232.89,516.87"/>
    </edge>
    <edge id=":42494919_1" function="internal">
        <lane id=":42494919_1_0" index="0" allow="private emergency authority army vip passenger hov taxi bus coach delivery truck trailer motorcycle moped bicycle evehicle" speed="11.18" length="14.35" shape="237.84,513.45 223.54,514.57"/>
    </edge>
    <edge id=":42494919_4" function="internal">
        <lane id=":42494919_4_0" index="0" disallow="pedestrian tram rail_urban rail rail_electric rail_fast ship" speed="6.68" length="3.06" shape="232.89,516.87 232.76,517.14 232.49,519.88"/>
    </edge>
    <edge id=":42494919_2" function="internal">
        <lane id=":42494919_2_0" index="0" disallow="pedestrian tram rail_urban rail rail_electric rail_fast ship" speed="11.18" length="13.52" shape="227.34,507.68 228.20,511.45 229.92,513.78 231.63,516.11 232.49,519.88"/>
    </edge>
    <edge id=":42494919_3" function="internal">
        <lane id=":42494919_3_0" index="0" allow="private emergency authority army vip passenger hov taxi bus coach delivery truck trailer motorcycle moped bicycle evehicle" speed="6.45" length="5.21" shape="227.34,507.68 227.18,510.64 226.49,512.78"/>
    </edge>
    <edge id=":42494919_5" function="internal">
        <lane id=":42494919_5_0" index="0" allow="private emergency authority army vip passenger hov taxi bus coach delivery truck trailer motorcycle moped bicycle evehicle" speed="6.45" length="3.59" shape="226.49,512.78 225.27,514.09 223.54,514.57"/>
    </edge>
    <edge id=":42494919_c0" function="crossing" crossingEdges="802705820">
        <lane id=":42494919_c0_0" index="0" allow="pedestrian" speed="1.00" length="6.40" width="3.00" shape="234.04,518.33 227.65,518.51"/>
    </edge>
    <edge id=":42494919_c1" function="crossing" crossingEdges="5678195#1">
        <lane id=":42494919_c1_0" index="0" allow="pedestrian" speed="1.00" length="3.20" width="3.00" shape="236.29,511.91 236.40,515.11"/>
    </edge>
    <edge id=":42494919_w0" function="walkingarea">
        <lane id=":42494919_w0_0" index="0" allow="pedestrian" speed="1.00" length="3.41" width="3.00" shape="223.60,516.17 223.67,518.17 225.69,520.07 227.68,520.01 227.54,518.80 227.18,517.81 226.61,517.06 225.82,516.54 224.82,516.24"/>
    </edge>
    <edge id=":42494919_w1" function="walkingarea">
        <lane id=":42494919_w1_0" index="0" allow="pedestrian" speed="1.00" length="3.62" width="3.00" shape="234.09,519.83 236.08,519.78 237.98,517.05 237.90,515.05 236.70,515.23 235.72,515.65 234.98,516.32 234.45,517.24 234.16,518.41"/>
    </edge>
    <edge id=":42494919_w2" function="walkingarea">
        <lane id=":42494919_w2_0" index="0" allow="pedestrian" speed="1.00" length="5.97" width="3.00" shape="237.79,511.85 237.71,509.86 230.94,507.58 228.94,507.63 229.22,509.01 229.98,510.12 231.22,510.96 232.93,511.53 235.12,511.83"/>
    </edge>
    <edge id=":42494920_0" function="internal">
        <lane id=":42494920_0_0" index="0" disallow="pedestrian tram rail_urban rail rail_electric rail_fast ship" speed="6.50" length="5.94" shape="310.15,516.45 309.73,514.00 308.62,512.28 307.39,511.60"/>
    </edge>
    <edge id=":42494920_1" function="internal">
        <lane id=":42494920_1_0" index="0" disallow="pedestrian tram rail_urban rail rail_electric rail_fast ship" speed="11.18" length="11.40" shape="310.15,516.45 310.30,513.09 310.79,510.81 311.27,508.52 311.43,505.16"/>
    </edge>
    <edge id=":42494920_4" function="internal">
        <lane id=":42494920_4_0" index="0" disallow="pedestrian tram rail_urban rail rail_electric rail_fast ship" speed="6.50" length="3.12" shape="307.39,511.60 306.83,511.29 304.36,511.03"/>
    </edge>
    <edge id=":42494920_2" function="internal">
        <lane id=":42494920_2_0" index="0" disallow="pedestrian tram rail_urban rail rail_electric rail_fast ship" speed="11.18" length="11.21" shape="315.57,510.64 304.36,511.03"/>
    </edge>
    <edge id=":42494920_3" function="internal">
        <lane id=":42494920_3_0" index="0" disallow="pedestrian tram rail_urban rail rail_electric rail_fast ship" speed="6.08" length="4.71" shape="315.57,510.64 313.82,510.35 312.54,509.34 312.00,508.15"/>
    </edge>
    <edge id=":42494920_5" function="internal">
        <lane id=":42494920_5_0" index="0" disallow="pedestrian tram rail_urban rail rail_electric rail_fast ship" speed="6.08" length="3.06" shape="312.00,508.15 311.75,507.61 311.43,505.16"/>
    </edge>
    <edge id=":42494920_c0" function="crossing" crossingEdges="222246980#0">
        <lane id=":42494920_c0_0" index="0" allow="pedestrian" speed="1.00" length="3.20" width="3.00" shape="311.71,514.91 308.51,515.00"/>
    </edge>
    <edge id=":42494920_c1" function="crossing" crossingEdges="5678195#0">
        <lane id=":42494920_c1_0" index="0" allow="pedestrian" speed="1.00" length="3.20" width="3.00" shape="314.02,509.09 314.12,512.29"/>
    </edge>
    <edge id=":42494920_c2" function="crossing" crossingEdges="222246980#1">
        <lane id=":42494920_c2_0" index="0" allow="pedestrian" speed="1.00" length="3.20" width="3.00" shape="309.87,506.70 313.07,506.62"/>
    </edge>
    <edge id=":42494920_c3" function="crossing" crossingEdges="5678195#1">
        <lane id=":42494920_c3_0" index="0" allow="pedestrian" speed="1.00" length="3.20" width="3.00" shape="305.92,512.58 305.80,509.38"/>
    </edge>
    <edge id=":42494920_w0" function="walkingarea">
        <lane id=":42494920_w0_0" index="0" allow="pedestrian" speed="1.00" length="3.32" width="3.00" shape="304.42,512.63 304.49,514.63 306.55,516.56 308.55,516.50 308.40,515.28 308.04,514.29 307.46,513.52 306.66,513.00 305.65,512.70"/>
    </edge>
    <edge id=":42494920_w1" function="walkingarea">
        <lane id=":42494920_w1_0" index="0" allow="pedestrian" speed="1.00" length="3.34" width="3.00" shape="311.75,516.41 313.75,516.35 315.69,514.24 315.62,512.24 314.41,512.39 313.42,512.76 312.66,513.35 312.13,514.15 311.82,515.17"/>
    </edge>
    <edge id=":42494920_w2" function="walkingarea">
        <lane id=":42494920_w2_0" index="0" allow="pedestrian" speed="1.00" length="2.42" width="3.00" shape="315.52,509.04 315.45,507.04 313.03,505.12 313.13,506.34 313.36,507.33 313.71,508.10 314.18,508.64 314.79,508.95"/>
    </edge>
    <edge id=":42494920_w3" function="walkingarea">
        <lane id=":42494920_w3_0" index="0" allow="pedestrian" speed="1.00" length="4.17" width="3.00" shape="309.83,505.21 307.83,505.26 304.23,507.43 304.31,509.43 306.02,509.26 307.42,508.87 308.50,508.27 309.27,507.46 309.71,506.44"/>
    </edge>
    <edge id=":42494921_0" function="internal">
        <lane id=":42494921_0_0" index="0" disallow="pedestrian tram rail_urban rail rail_electric rail_fast ship" speed="9.10" length="14.05" shape="391.24,523.58 390.59,516.86 389.09,512.09 387.62,510.33"/>
    </edge>
    <edge id=":42494921_1" function="internal">
        <lane id=":42494921_1_0" index="0" disallow="pedestrian tram rail_urban rail rail_electric rail_fast ship" speed="11.18" length="20.93" shape="391.24,523.58 388.95,502.77"/>
    </edge>
    <edge id=":42494921_2" function="internal">
        <lane id=":42494921_2_0" index="0" disallow="pedestrian tram rail_urban rail rail_electric rail_fast ship" speed="9.10" length="4.67" shape="387.62,510.33 386.75,509.28 383.55,508.42"/>
    </edge>
    <edge id=":42494921_c0" function="crossing" crossingEdges="5680993">
        <lane id=":42494921_c0_0" index="0" allow="pedestrian" speed="1.00" length="3.20" width="4.00" shape="387.38,504.79 390.58,504.75"/>
    </edge>
    <edge id=":42494921_c1" function="crossing" crossingEdges="5678195#0">
        <lane id=":42494921_c1_0" index="0" allow="pedestrian" speed="1.00" length="3.20" width="4.00" shape="385.60,509.95 385.50,506.76"/>
    </edge>
    <edge id=":42494921_w0" function="walkingarea">
        <lane id=":42494921_w0_0" index="0" allow="pedestrian" speed="1.00" length="9.98" width="4.00" shape="383.61,510.02 383.67,512.02 387.64,523.73 389.64,523.68 389.36,519.42 388.79,515.99 387.93,513.33 386.78,511.45 385.34,510.35"/>
    </edge>
    <edge id=":42494921_w1" function="walkingarea">
        <lane id=":42494921_w1_0" index="0" allow="pedestrian" speed="1.00" length="2.24" width="4.00" shape="392.55,502.73 390.55,502.75 390.75,507.20 391.13,510.47 391.63,513.15 392.14,515.83 392.57,519.09"/>
    </edge>
    <edge id=":42494921_w2" function="walkingarea">
        <lane id=":42494921_w2_0" index="0" allow="pedestrian" speed="1.00" length="3.24" width="4.00" shape="387.35,502.79 385.35,502.82 383.44,504.82 383.50,506.82 384.69,506.67 385.66,506.32 386.41,505.75 386.95,504.97 387.26,503.99"/>
    </edge>
    <edge id=":4735727610_0" function="internal">
        <lane id=":4735727610_0_0" index="0" disallow="pedestrian tram rail_urban rail rail_electric rail_fast ship" speed="11.18" length="13.91" shape="139.48,522.61 139.14,508.71"/>
    </edge>
    <edge id=":4735727610_1" function="internal">
        <lane id=":4735727610_1_0" index="0" allow="private emergency authority army vip passenger hov taxi bus coach delivery truck trailer motorcycle moped bicycle evehicle" speed="6.54" length="5.87" shape="148.69,517.24 146.01,517.66 144.11,518.67 143.55,519.50"/>
    </edge>
    <edge id=":4735727610_2" function="internal">
        <lane id=":4735727610_2_0" index="0" allow="private emergency authority army vip passenger hov taxi bus coach delivery truck trailer motorcycle moped bicycle evehicle" speed="7.87" length="10.74" shape="148.69,517.24 145.41,516.57 142.35,514.63 140.07,511.86 140.02,511.69"/>
    </edge>
    <edge id=":4735727610_6" function="internal">
        <lane id=":4735727610_6_0" index="0" allow="private emergency authority army vip passenger hov taxi bus coach delivery truck trailer motorcycle moped bicycle evehicle" speed="6.54" length="3.22" shape="143.55,519.50 143.00,520.30 142.68,522.52"/>
    </edge>
    <edge id=":4735727610_7" function="internal">
        <lane id=":4735727610_7_0" index="0" allow="private emergency authority army vip passenger hov taxi bus coach delivery truck trailer motorcycle moped bicycle evehicle" speed="7.87" length="3.11" shape="140.02,511.69 139.14,508.71"/>
    </edge>
    <edge id=":4735727610_3" function="internal">
        <lane id=":4735727610_3_0" index="0" disallow="pedestrian tram rail_urban rail rail_electric rail_fast ship" speed="11.18" length="13.89" shape="142.34,508.64 142.68,522.52"/>
    </edge>
    <edge id=":4735727610_4" function="internal">
        <lane id=":4735727610_4_0" index="0" allow="private emergency authority army vip passenger hov taxi bus coach delivery truck trailer motorcycle moped evehicle" speed="6.53" length="5.83" shape="133.14,513.95 135.80,513.55 137.69,512.55 138.26,511.73"/>
    </edge>
    <edge id=":4735727610_5" function="internal">
        <lane id=":4735727610_5_0" index="0" allow="private emergency authority army vip passenger hov taxi bus coach delivery truck trailer motorcycle moped evehicle" speed="7.91" length="10.75" shape="133.14,513.95 136.41,514.63 139.47,516.59 141.74,519.36 141.80,519.55"/>
    </edge>
    <edge id=":4735727610_8" function="internal">
        <lane id=":4735727610_8_0" index="0" allow="private emergency authority army vip passenger hov taxi bus coach delivery truck trailer motorcycle moped evehicle" speed="6.53" length="3.21" shape="138.26,511.73 138.81,510.93 139.14,508.71"/>
    </edge>
    <edge id=":4735727610_9" function="internal">
        <lane id=":4735727610_9_0" index="0" allow="private emergency authority army vip passenger hov taxi bus coach delivery truck trailer motorcycle moped evehicle" speed="7.91" length="3.11" shape="141.80,519.55 142.68,522.52"/>
    </edge>
    <edge id=":4735727610_c0" function="crossing" crossingEdges="-386201385 386201385">
        <lane id=":4735727610_c0_0" index="0" allow="pedestrian" speed="1.00" length="6.40" width="3.00" shape="144.24,520.98 137.84,521.16"/>
    </edge>
    <edge id=":4735727610_c1" function="crossing" crossingEdges="717725269">
        <lane id=":4735727610_c1_0" index="0" allow="pedestrian" speed="1.00" length="3.20" width="4.00" shape="146.64,515.72 146.75,518.91"/>
    </edge>
    <edge id=":4735727610_c2" function="crossing" crossingEdges="222246978 -852459539">
        <lane id=":4735727610_c2_0" index="0" allow="pedestrian" speed="1.00" length="6.40" width="3.00" shape="137.57,510.24 143.97,510.11"/>
    </edge>
    <edge id=":4735727610_c3" function="crossing" crossingEdges="gneE8">
        <lane id=":4735727610_c3_0" index="0" allow="pedestrian" speed="1.00" length="3.20" width="4.00" shape="135.18,515.49 135.09,512.29"/>
    </edge>
    <edge id=":4735727610_w0" function="walkingarea">
        <lane id=":4735727610_w0_0" index="0" allow="pedestrian" speed="1.00" length="5.23" width="4.00" shape="133.18,515.55 134.88,522.74 137.88,522.66 137.70,520.45 137.27,518.65 136.61,517.26 135.70,516.28 134.56,515.71"/>
    </edge>
    <edge id=":4735727610_w1" function="walkingarea">
        <lane id=":4735727610_w1_0" index="0" allow="pedestrian" speed="1.00" length="3.32" width="4.00" shape="144.28,522.48 147.28,522.40 148.82,520.84 148.75,518.84 147.36,518.99 146.22,519.32 145.35,519.83 144.73,520.53 144.38,521.41"/>
    </edge>
    <edge id=":4735727610_w2" function="walkingarea">
        <lane id=":4735727610_w2_0" index="0" allow="pedestrian" speed="1.00" length="5.00" width="4.00" shape="148.64,515.64 148.59,514.44 148.52,512.44 146.94,508.55 143.94,508.61 144.11,510.80 144.53,512.59 145.19,513.97 146.09,514.93 147.24,515.49"/>
    </edge>
    <edge id=":4735727610_w3" function="walkingarea">
        <lane id=":4735727610_w3_0" index="0" allow="pedestrian" speed="1.00" length="3.30" width="4.00" shape="137.54,508.74 134.54,508.80 133.03,510.35 133.09,512.35 134.47,512.21 135.60,511.89 136.47,511.38 137.08,510.69 137.44,509.81"/>
    </edge>
    <edge id=":cluster_588036470_gneJ1_0" function="internal">
        <lane id=":cluster_588036470_gneJ1_0_0" index="0" disallow="pedestrian tram rail_urban rail rail_electric rail_fast ship" speed="10.45" length="16.55" shape="227.37,385.19 225.92,386.82 224.94,390.00 224.43,394.73 224.39,401.01"/>
    </edge>
    <edge id=":cluster_588036470_gneJ1_1" function="internal">
        <lane id=":cluster_588036470_gneJ1_1_0" index="0" disallow="pedestrian tram rail_urban rail rail_electric rail_fast ship" speed="11.18" length="11.07" shape="227.37,385.19 217.50,390.18"/>
    </edge>
    <edge id=":cluster_588036470_gneJ1_2" function="internal">
        <lane id=":cluster_588036470_gneJ1_2_0" index="0" disallow="pedestrian tram rail_urban rail rail_electric rail_fast ship" speed="11.18" length="11.08" shape="216.04,387.34 225.93,382.33"/>
    </edge>
    <edge id=":cluster_588036470_gneJ1_3" function="internal">
        <lane id=":cluster_588036470_gneJ1_3_0" index="0" disallow="pedestrian tram rail_urban rail rail_electric rail_fast ship" speed="8.07" length="4.21" shape="216.04,387.34 219.51,386.68 220.04,387.11"/>
    </edge>
    <edge id=":cluster_588036470_gneJ1_4" function="internal">
        <lane id=":cluster_588036470_gneJ1_4_0" index="0" disallow="pedestrian tram rail_urban rail rail_electric rail_fast ship" speed="8.07" length="15.17" shape="220.04,387.11 222.06,388.74 223.68,393.52 224.39,401.01"/>
    </edge>
    <edge id=":cluster_588036470_gneJ1_c0" function="crossing" crossingEdges="-221604537#0 221604537#0">
        <lane id=":cluster_588036470_gneJ1_c0_0" index="0" allow="pedestrian" speed="1.00" length="6.40" width="3.00" shape="223.87,381.58 226.76,387.29"/>
    </edge>
    <edge id=":cluster_588036470_gneJ1_c1" function="crossing" crossingEdges="221604537#1 221604537#0">
        <lane id=":cluster_588036470_gneJ1_c1_0" index="0" allow="pedestrian" speed="1.00" length="8.06" width="3.00" shape="219.56,390.92 226.76,387.29"/>
    </edge>
    <edge id=":cluster_588036470_gneJ1_c2" function="crossing" crossingEdges="221604537#1 -221604537#1">
        <lane id=":cluster_588036470_gneJ1_c2_0" index="0" allow="pedestrian" speed="1.00" length="6.40" width="3.00" shape="219.56,390.92 216.64,385.23"/>
    </edge>
    <edge id=":cluster_588036470_gneJ1_w0" function="walkingarea">
        <lane id=":cluster_588036470_gneJ1_w0_0" index="0" allow="pedestrian" speed="1.00" length="9.66" width="3.00" shape="225.99,400.96 227.99,400.91 229.00,388.40 228.10,386.61 227.35,387.36 226.76,388.76 226.34,390.83 226.06,393.55 225.95,396.93"/>
    </edge>
    <edge id=":cluster_588036470_gneJ1_w1" function="walkingarea">
        <lane id=":cluster_588036470_gneJ1_w1_0" index="0" allow="pedestrian" speed="1.00" length="7.01" width="3.00" shape="222.53,382.26 225.21,380.90 224.30,379.12 214.40,384.13 215.31,385.91 217.98,384.54"/>
    </edge>
    <edge id=":cluster_588036470_gneJ1_w2" function="walkingarea">
        <lane id=":cluster_588036470_gneJ1_w2_0" index="0" allow="pedestrian" speed="1.00" length="1.80" width="3.00" shape="218.89,389.58 218.23,391.61 219.14,393.39 222.57,397.56 222.14,394.84 221.49,392.88 220.62,391.69 219.53,391.27"/>
    </edge>
    <edge id=":gneJ0_0" function="internal">
        <lane id=":gneJ0_0_0" index="0" speed="3.91" length="2.55" shape="233.20,638.19 233.34,638.87 233.66,639.35 234.17,639.63 234.86,639.70"/>
    </edge>
    <edge id=":gneJ1_0" function="internal">
        <lane id=":gneJ1_0_0" index="0" speed="3.90" length="2.57" shape="312.18,636.85 312.88,636.72 313.37,636.41 313.65,635.90 313.72,635.20"/>
    </edge>

    <edge id="-221604537#0" from="cluster_588036470_gneJ1" to="42464832" name="Fulton Mall" priority="4" type="highway.unclassified" shape="216.77,388.76 307.07,343.06">
        <lane id="-221604537#0_0" index="0" allow="pedestrian" speed="13.89" length="81.69" width="2.00" shape="224.76,380.01 297.64,343.12">
            <param key="origId" value="221604537"/>
        </lane>
        <lane id="-221604537#0_1" index="1" disallow="pedestrian tram rail_urban rail rail_electric rail_fast ship" speed="11.18" length="81.69" shape="225.93,382.33 298.82,345.44">
            <param key="origId" value="221604537"/>
        </lane>
    </edge>
    <edge id="-221604537#1" from="42464827" to="cluster_588036470_gneJ1" name="Fulton Mall" priority="4" type="highway.unclassified" shape="138.29,429.00 216.77,388.76">
        <lane id="-221604537#1_0" index="0" allow="pedestrian" speed="13.89" length="78.09" width="2.00" shape="145.37,420.65 214.85,385.02">
            <param key="origId" value="221604537"/>
        </lane>
        <lane id="-221604537#1_1" index="1" disallow="pedestrian tram rail_urban rail rail_electric rail_fast ship" speed="11.18" length="78.09" shape="146.56,422.96 216.04,387.34">
            <param key="origId" value="221604537"/>
        </lane>
    </edge>
    <edge id="-386201385" from="4735727610" to="1693893347" name="Jay Street" priority="10" type="highway.tertiary" shape="140.88,515.32 142.19,562.34 143.58,607.38 143.80,614.61">
        <lane id="-386201385_0" index="0" allow="pedestrian" speed="13.89" length="87.33" width="3.00" shape="145.78,522.44 146.89,562.20 148.28,607.24 148.35,609.73">
            <param key="origId" value="386201385"/>
        </lane>
        <lane id="-386201385_1" index="1" disallow="pedestrian tram rail_urban rail rail_electric rail_fast ship" speed="11.18" length="87.33" shape="142.68,522.52 143.79,562.29 145.18,607.33 145.26,609.82">
            <param key="origId" value="386201385"/>
        </lane>
    </edge>
    <edge id="-46121867#1" from="278630368" to="42464827" name="Fulton Mall" priority="4" type="highway.unclassified" shape="2.97,497.75 13.55,492.38 63.93,466.76 138.29,429.00">
        <lane id="-46121867#1_0" index="0" allow="pedestrian" speed="13.89" length="141.69" width="2.00" shape="1.07,494.00 11.65,488.64 62.03,463.02 127.39,429.82">
            <param key="origId" value="46121867"/>
        </lane>
        <lane id="-46121867#1_1" index="1" disallow="pedestrian tram rail_urban rail rail_electric rail_fast ship" speed="11.18" length="141.69" shape="2.25,496.32 12.82,490.95 63.21,465.33 128.57,432.14">
            <param key="origId" value="46121867"/>
        </lane>
    </edge>
    <edge id="-5678195#0" from="42494920" to="42494921" name="Willoughby Street" priority="3" type="highway.residential">
        <lane id="-5678195#0_0" index="0" allow="pedestrian" speed="13.89" length="68.02" width="2.00" shape="315.49,508.04 383.47,505.82">
            <param key="origId" value="5678195"/>
        </lane>
    </edge>
    <edge id="-5678195#1" from="42494919" to="42494920" name="Willoughby Street" priority="3" type="highway.residential">
        <lane id="-5678195#1_0" index="0" allow="pedestrian" speed="13.89" length="66.56" width="2.00" shape="237.75,510.86 304.27,508.43">
            <param key="origId" value="5678195"/>
        </lane>
    </edge>
    <edge id="-5680993" from="42464836" to="42494921" name="Duffield Street" priority="3" type="highway.residential" shape="385.29,302.78 390.49,497.31 390.60,506.59">
        <lane id="-5680993_0" index="0" allow="pedestrian" speed="13.89" length="200.06" width="2.00" shape="386.29,302.75 391.49,497.29 391.55,502.74">
            <param key="origId" value="5680993"/>
        </lane>
    </edge>
    <edge id="-740570771" from="42464827" to="42492210" name="Smith Street" priority="10" type="highway.tertiary" shape="138.29,429.00 137.37,420.71 113.75,367.95 101.67,333.60 98.81,328.09 94.02,318.88">
        <lane id="-740570771_0" index="0" allow="pedestrian" speed="13.89" length="108.56" width="3.00" shape="132.04,420.30 109.38,369.69 97.35,335.47 94.64,330.26 89.85,321.05">
            <param key="origId" value="740570771 222248833"/>
        </lane>
        <lane id="-740570771_1" index="1" disallow="pedestrian tram rail_urban rail rail_electric rail_fast ship" speed="13.89" length="108.56" shape="135.26,419.92 112.26,368.54 100.20,334.24 97.39,328.83 92.60,319.62">
            <param key="origId" value="740570771 222248833"/>
        </lane>
    </edge>
    <edge id="-852459539" from="42464827" to="4735727610" name="Jay Street" priority="10" type="highway.tertiary" shape="138.29,429.00 139.27,437.99 140.37,490.89 140.88,515.32">
        <lane id="-852459539_0" index="0" allow="pedestrian" speed="13.89" length="70.62" width="3.00" shape="143.97,437.84 145.07,490.79 145.44,508.58">
            <param key="origId" value="852459539 222246978"/>
        </lane>
        <lane id="-852459539_1" index="1" disallow="pedestrian tram rail_urban rail rail_electric rail_fast ship" speed="11.18" length="70.62" shape="140.87,438.17 141.97,490.86 142.34,508.64">
            <param key="origId" value="852459539 222246978"/>
        </lane>
    </edge>
    <edge id="221604537#0" from="42464832" to="cluster_588036470_gneJ1" name="Fulton Mall" priority="4" type="highway.unclassified" shape="307.07,343.06 216.77,388.76">
        <lane id="221604537#0_0" index="0" allow="pedestrian" speed="13.89" length="81.69" width="2.00" shape="301.44,350.62 228.55,387.51">
            <param key="origId" value="221604537"/>
        </lane>
        <lane id="221604537#0_1" index="1" disallow="pedestrian tram rail_urban rail rail_electric rail_fast ship" speed="11.18" length="81.69" shape="300.26,348.30 227.37,385.19">
            <param key="origId" value="221604537"/>
        </lane>
    </edge>
    <edge id="221604537#1" from="cluster_588036470_gneJ1" to="42464827" name="Fulton Mall" priority="4" type="highway.unclassified" shape="216.77,388.76 138.29,429.00">
        <lane id="221604537#1_0" index="0" allow="pedestrian" speed="13.89" length="78.09" width="2.00" shape="218.69,392.50 149.20,428.12">
            <param key="origId" value="221604537"/>
        </lane>
        <lane id="221604537#1_1" index="1" disallow="pedestrian tram rail_urban rail rail_electric rail_fast ship" speed="11.18" length="78.09" shape="217.50,390.18 148.02,425.81">
            <param key="origId" value="221604537"/>
        </lane>
    </edge>
    <edge id="222246977.17" from="cluster_588036470_gneJ1" to="42494919" name="Lawrence Street" priority="3" type="highway.residential" spreadType="center" shape="225.39,400.98 228.47,512.20">
        <lane id="222246977.17_0" index="0" allow="pedestrian" speed="13.89" length="106.71" width="2.00" shape="226.99,400.94 229.94,507.61">
            <param key="origId" value="222246977"/>
        </lane>
        <lane id="222246977.17_1" index="1" disallow="pedestrian tram rail_urban rail rail_electric rail_fast ship" speed="11.18" length="106.71" shape="224.39,401.01 227.34,507.68">
            <param key="origId" value="222246977"/>
        </lane>
    </edge>
    <edge id="222246978" from="4735727610" to="42464827" name="Jay Street" priority="10" type="highway.tertiary" shape="140.88,515.32 140.37,490.89 139.27,437.99 138.29,429.00">
        <lane id="222246978_0" index="0" allow="pedestrian" speed="13.89" length="70.07" width="3.00" shape="136.04,508.77 135.67,490.99 134.59,438.86">
            <param key="origId" value="222246978 852459539"/>
        </lane>
        <lane id="222246978_1" index="1" disallow="pedestrian tram rail_urban rail rail_electric rail_fast ship" speed="11.18" length="70.07" shape="139.14,508.71 138.77,490.92 137.68,438.52">
            <param key="origId" value="222246978 852459539"/>
        </lane>
    </edge>
    <edge id="222246980#0" from="42480569" to="42494920" name="Bridge Street" priority="3" type="highway.residential" spreadType="center" shape="311.81,608.26 308.94,509.22">
        <lane id="222246980#0_0" index="0" allow="pedestrian" speed="13.89" length="86.69" width="2.00" shape="310.06,603.18 307.55,516.53">
            <param key="origId" value="222246980"/>
        </lane>
        <lane id="222246980#0_1" index="1" disallow="pedestrian tram rail_urban rail rail_electric rail_fast ship" speed="11.18" length="86.69" shape="312.66,603.11 310.15,516.45">
            <param key="origId" value="222246980"/>
        </lane>
    </edge>
    <edge id="222246980#1" from="42494920" to="42464832" name="Bridge Street" priority="3" type="highway.residential" spreadType="center" shape="310.54,509.20 306.07,343.09">
        <lane id="222246980#1_0" index="0" allow="pedestrian" speed="13.89" length="152.71" width="2.00" shape="308.83,505.23 304.72,352.58">
            <param key="origId" value="222246980"/>
        </lane>
        <lane id="222246980#1_1" index="1" disallow="pedestrian tram rail_urban rail rail_electric rail_fast ship" speed="11.18" length="152.71" shape="311.43,505.16 307.32,352.51">
            <param key="origId" value="222246980"/>
        </lane>
    </edge>
    <edge id="222248833" from="42492210" to="42464827" name="Smith Street" priority="10" type="highway.tertiary" shape="94.02,318.88 98.81,328.09 101.67,333.60 113.75,367.95 137.37,420.71 138.29,429.00">
        <lane id="222248833_0" index="0" allow="pedestrian" speed="13.89" length="110.90" width="3.00" shape="98.19,316.71 102.98,325.92 105.99,331.73 118.12,366.21 141.82,419.15">
            <param key="origId" value="222248833 740570771"/>
        </lane>
        <lane id="222248833_1" index="1" disallow="pedestrian tram rail_urban rail rail_electric rail_fast ship" speed="13.89" length="110.90" shape="95.44,318.14 100.23,327.35 103.14,332.96 115.24,367.36 138.59,419.53">
            <param key="origId" value="222248833 740570771"/>
        </lane>
    </edge>
    <edge id="386201385" from="1693893347" to="4735727610" name="Jay Street" priority="10" type="highway.tertiary" shape="143.80,614.61 143.58,607.38 142.19,562.34 140.88,515.32">
        <lane id="386201385_0" index="0" allow="pedestrian" speed="13.89" length="87.35" width="3.00" shape="138.96,610.01 138.88,607.52 137.49,562.48 136.38,522.70">
            <param key="origId" value="386201385"/>
        </lane>
        <lane id="386201385_1" index="1" disallow="pedestrian tram rail_urban rail rail_electric rail_fast ship" speed="11.18" length="87.35" shape="142.06,609.92 141.98,607.43 140.59,562.39 139.48,522.61">
            <param key="origId" value="386201385"/>
        </lane>
    </edge>
    <edge id="46121867#0" from="42464827" to="278630368" name="Fulton Mall" priority="4" type="highway.unclassified" shape="138.29,429.00 63.93,466.76 13.55,492.38 2.97,497.75">
        <lane id="46121867#0_0" index="0" allow="pedestrian" speed="13.89" length="141.69" width="2.00" shape="131.19,437.31 65.83,470.50 15.45,496.12 4.87,501.50">
            <param key="origId" value="46121867"/>
        </lane>
        <lane id="46121867#0_1" index="1" disallow="pedestrian tram rail_urban rail rail_electric rail_fast ship" speed="11.18" length="141.69" shape="130.02,435.00 64.65,468.19 14.28,493.81 3.69,499.18">
            <param key="origId" value="46121867"/>
        </lane>
    </edge>
    <edge id="46788738" from="42480566" to="42494921" name="Duffield Street" priority="3" type="highway.residential" spreadType="center" shape="392.69,607.55 389.97,514.50 389.60,506.63">
        <lane id="46788738_0" index="0" allow="pedestrian" speed="13.89" length="78.67" width="2.00" shape="390.94,602.32 388.64,523.71">
            <param key="origId" value="46788738"/>
        </lane>
        <lane id="46788738_1" index="1" disallow="pedestrian tram rail_urban rail rail_electric rail_fast ship" speed="11.18" length="78.67" shape="393.54,602.25 391.24,523.58">
            <param key="origId" value="46788738"/>
        </lane>
    </edge>
    <edge id="5678195#0" from="42494921" to="42494920" name="Willoughby Street" priority="3" type="highway.residential">
        <lane id="5678195#0_0" index="0" allow="pedestrian" speed="13.89" length="68.02" width="2.00" shape="383.64,511.02 315.66,513.24">
            <param key="origId" value="5678195"/>
        </lane>
        <lane id="5678195#0_1" index="1" disallow="pedestrian tram rail_urban rail rail_electric rail_fast ship" speed="11.18" length="68.02" shape="383.55,508.42 315.57,510.64">
            <param key="origId" value="5678195"/>
        </lane>
    </edge>
    <edge id="5678195#1" from="42494920" to="42494919" name="Willoughby Street" priority="3" type="highway.residential">
        <lane id="5678195#1_0" index="0" allow="pedestrian" speed="13.89" length="66.56" width="2.00" shape="304.46,513.63 237.94,516.05">
            <param key="origId" value="5678195"/>
        </lane>
        <lane id="5678195#1_1" index="1" disallow="pedestrian tram rail_urban rail rail_electric rail_fast ship" speed="11.18" length="66.56" shape="304.36,511.03 237.84,513.45">
            <param key="origId" value="5678195"/>
        </lane>
    </edge>
    <edge id="5680993" from="42494921" to="42464836" name="Duffield Street" priority="3" type="highway.residential" shape="390.60,506.59 390.49,497.31 385.29,302.78">
        <lane id="5680993_0" index="0" allow="pedestrian" speed="13.89" length="200.00" width="2.00" shape="386.35,502.80 386.29,497.39 381.09,302.89">
            <param key="origId" value="5680993"/>
        </lane>
        <lane id="5680993_1" index="1" disallow="pedestrian tram rail_urban rail rail_electric rail_fast ship" speed="11.18" length="200.00" shape="388.95,502.77 388.89,497.34 383.69,302.82">
            <param key="origId" value="5680993"/>
        </lane>
    </edge>
    <edge id="717725269" from="42494919" to="4735727610" name="Willoughby Street" priority="2" type="highway.living_street" spreadType="center" shape="227.58,515.43 140.94,518.52">
        <lane id="717725269_0" index="0" allow="pedestrian" speed="2.78" length="74.89" width="2.00" shape="223.63,517.17 148.79,519.84">
            <param key="origId" value="717725269"/>
        </lane>
        <lane id="717725269_1" index="1" allow="private emergency authority army vip passenger hov taxi bus coach delivery truck trailer motorcycle moped bicycle evehicle" speed="11.18" length="74.89" shape="223.54,514.57 148.69,517.24">
            <param key="origId" value="717725269"/>
        </lane>
    </edge>
    <edge id="802705820" from="42494919" to="42480571" name="Lawrence Street" priority="3" type="highway.residential" spreadType="center" shape="231.67,512.06 234.41,611.30">
        <lane id="802705820_0" index="0" allow="pedestrian" speed="13.89" length="86.14" width="2.00" shape="235.09,519.81 237.46,605.91">
            <param key="origId" value="802705820"/>
        </lane>
        <lane id="802705820_1" index="1" disallow="pedestrian tram rail_urban rail rail_electric rail_fast ship" speed="11.18" length="86.14" shape="232.49,519.88 234.86,605.98">
            <param key="origId" value="802705820"/>
        </lane>
        <lane id="802705820_2" index="2" disallow="pedestrian tram rail_urban rail rail_electric rail_fast ship" speed="11.18" length="86.14" shape="229.29,519.97 231.66,606.07">
            <param key="origId" value="802705820"/>
        </lane>
    </edge>
    <edge id="gneE0" from="42480571" to="42494919" priority="-1">
        <lane id="gneE0_0" index="0" allow="pedestrian" speed="13.89" length="86.14" width="2.00" shape="229.06,606.14 226.69,520.04"/>
    </edge>
    <edge id="gneE10" from="4735727610" to="42494919" priority="-1" spreadType="center" shape="140.79,513.72 227.41,510.63">
        <lane id="gneE10_0" index="0" allow="pedestrian" speed="13.89" length="74.89" width="2.00" shape="148.56,513.44 223.40,510.77"/>
    </edge>
    <edge id="gneE11" from="1693893347" to="42480571" priority="-1">
        <lane id="gneE11_0" index="0" speed="13.89" length="74.78" shape="151.46,612.72 226.18,609.95"/>
    </edge>
    <edge id="gneE12" from="42480571" to="42480569" priority="-1">
        <lane id="gneE12_0" index="0" speed="13.89" length="66.69" shape="240.58,609.40 307.22,606.85"/>
    </edge>
    <edge id="gneE13" from="42480569" to="42480566" priority="-1">
        <lane id="gneE13_0" index="0" speed="13.89" length="69.72" shape="318.29,606.55 388.01,605.97"/>
    </edge>
    <edge id="gneE14" from="42480571" to="gneJ0" priority="-1">
        <lane id="gneE14_0" index="0" speed="13.89" length="24.86" shape="231.91,613.36 233.20,638.19"/>
    </edge>
    <edge id="gneE15" from="gneJ0" to="gneJ1" priority="-1">
        <lane id="gneE15_0" index="0" speed="13.89" length="77.37" shape="234.86,639.70 312.18,636.85"/>
    </edge>
    <edge id="gneE16" from="gneJ1" to="42480569" priority="-1">
        <lane id="gneE16_0" index="0" speed="13.89" length="25.00" shape="313.72,635.20 312.88,610.21"/>
    </edge>
    <edge id="gneE3" from="42494920" to="42480569" priority="-1">
        <lane id="gneE3_0" index="0" allow="pedestrian" speed="13.89" length="86.69" width="2.00" shape="312.75,516.38 315.26,603.03"/>
    </edge>
    <edge id="gneE8" from="42469228" to="4735727610" name="Willoughby Street" priority="-1" spreadType="center" shape="65.08,514.95 140.89,512.72">
        <lane id="gneE8_0" index="0" allow="pedestrian" speed="13.89" length="68.06" width="2.00" shape="65.03,513.35 133.06,511.35"/>
        <lane id="gneE8_1" index="1" allow="private emergency authority army vip passenger hov taxi bus coach delivery truck trailer motorcycle moped evehicle ship" speed="11.18" length="68.06" shape="65.11,515.95 133.14,513.95"/>
    </edge>

    <tlLogic id="42464827" type="actuated" programID="0" offset="0">
        <phase duration="37" state="GgrrrGrrrrGrGrrr" minDur="5" maxDur="50"/>
        <phase duration="5"  state="GgrrrGrrrrrrrrrr"/>
        <phase duration="3"  state="yyrrryrrrrrrrrrr"/>
        <phase duration="37" state="rrgGgrgGgGrGrrrr" minDur="5" maxDur="50"/>
        <phase duration="5"  state="rrgGgrgGgrrrrrrr"/>
        <phase duration="3"  state="rryyyryyyrrrrrrr"/>
    </tlLogic>
    <tlLogic id="42494920" type="actuated" programID="0" offset="0">
        <phase duration="37" state="rrGgGrGr" minDur="5" maxDur="50"/>
        <phase duration="3"  state="rryyrrrr"/>
        <phase duration="2"  state="rrrrrrrr"/>
        <phase duration="37" state="gGrrrGrG" minDur="5" maxDur="50"/>
        <phase duration="3"  state="yyrrrrrr"/>
        <phase duration="2"  state="rrrrrrrr"/>
    </tlLogic>
    <tlLogic id="4735727610" type="actuated" programID="0" offset="0">
        <phase duration="35" state="GrrGrrrGrG" minDur="5" maxDur="50"/>
        <phase duration="3"  state="yrryrrrrrr"/>
        <phase duration="2"  state="rrrrrrrrrr"/>
        <phase duration="35" state="rrrrggGGGr" minDur="5" maxDur="50"/>
        <phase duration="3"  state="rrrryyrrrr"/>
        <phase duration="2"  state="rrrrrrrrrr"/>
        <phase duration="25" state="rggrrrGrGG" minDur="5" maxDur="50"/>
        <phase duration="3"  state="ryyrrrrrrr"/>
        <phase duration="2"  state="rrrrrrrrrr"/>
    </tlLogic>
    <tlLogic id="gneJ2" type="actuated" programID="0" offset="0">
        <phase duration="77" state="GGGgrrrrrrrrr" minDur="5" maxDur="50"/>
        <phase duration="3"  state="yyyyrrrrrrrrr"/>
        <phase duration="5"  state="rrrrGGGrrrrrr"/>
        <phase duration="5"  state="rrrrrrrrrrrrr"/>
    </tlLogic>
    <tlLogic id="joinedS_0" type="actuated" programID="0" offset="0">
        <phase duration="82" state="gGrrrrrrrrrrr" minDur="5" maxDur="50"/>
        <phase duration="5"  state="grrrrrrrrrrrr"/>
        <phase duration="3"  state="yrrrrrrrrrrrr"/>
    </tlLogic>

    <junction id="1693893347" type="priority" x="143.80" y="614.61" incLanes="-386201385_0 -386201385_1" intLanes=":1693893347_0_0" shape="151.52,614.32 151.40,611.13 150.56,610.99 150.26,610.79 150.04,610.51 149.91,610.14 149.85,609.68 137.46,610.06 139.09,612.66 141.05,613.52 143.77,614.08 147.26,614.35">
        <request index="0" response="0" foes="0" cont="0"/>
    </junction>
    <junction id="278630368" type="dead_end" x="2.97" y="497.75" incLanes="46121867#0_0 46121867#0_1" intLanes="" shape="2.97,497.75 5.32,502.39 2.97,497.75"/>
    <junction id="42464827" type="traffic_light" x="138.29" y="429.00" incLanes="222246978_0 222246978_1 221604537#1_0 221604537#1_1 222248833_0 222248833_1 -46121867#1_0 -46121867#1_1 :42464827_w1_0 :42464827_w2_0 :42464827_w3_0 :42464827_w0_0" intLanes=":42464827_0_0 :42464827_9_0 :42464827_10_0 :42464827_3_0 :42464827_11_0 :42464827_5_0 :42464827_12_0 :42464827_7_0 :42464827_13_0 :42464827_c0_0 :42464827_c1_0 :42464827_c2_0 :42464827_c3_0" shape="133.09,439.02 145.46,437.67 145.54,435.59 145.87,433.81 146.45,432.27 147.27,430.95 148.34,429.87 149.66,429.01 144.91,419.76 144.32,419.89 144.05,419.81 143.81,419.62 143.58,419.34 143.38,418.96 130.48,420.49 131.16,423.83 130.80,425.31 129.98,426.65 128.69,427.86 126.94,428.93 131.65,438.21 132.43,437.98 132.71,438.05 132.92,438.25 133.04,438.57">
        <request index="0"  response="0101101010000" foes="0101111011000" cont="0"/>
        <request index="1"  response="0011100110000" foes="0011110111000" cont="1"/>
        <request index="2"  response="0011000100000" foes="0011100100000" cont="1"/>
        <request index="3"  response="1010000100011" foes="1010100100011" cont="0"/>
        <request index="4"  response="0110011100011" foes="0110011100011" cont="1"/>
        <request index="5"  response="0101100010100" foes="0101110011110" cont="0"/>
        <request index="6"  response="1100000000001" foes="1100000010001" cont="1"/>
        <request index="7"  response="1010000100011" foes="1010000110011" cont="0"/>
        <request index="8"  response="1001000101111" foes="1001000101111" cont="1"/>
        <request index="9"  response="0000000000000" foes="0000100100111" cont="0"/>
        <request index="10" response="0000000000000" foes="0000010011110" cont="0"/>
        <request index="11" response="0000000000000" foes="0000001110001" cont="0"/>
        <request index="12" response="0000000000000" foes="0000111001000" cont="0"/>
    </junction>
    <junction id="42464832" type="traffic_light" x="307.07" y="343.06" incLanes="222246980#1_0 222246980#1_1 -221604537#0_0 -221604537#0_1 :42464832_w0_0" intLanes=":42464832_1_0 :42464832_c0_0" shape="303.73,352.61 308.92,352.47 308.48,347.75 307.43,344.24 305.78,341.93 303.52,340.83 300.66,340.93 297.19,342.23 301.89,351.51 302.88,351.23 303.24,351.33 303.50,351.60 303.66,352.02">
        <request index="0" response="10" foes="10" cont="1"/>
        <request index="1" response="00" foes="01" cont="0"/>
    </junction>
    <junction id="42464836" type="dead_end" x="385.29" y="302.78" incLanes="5680993_0 5680993_1" intLanes="" shape="385.29,302.78 380.09,302.92 385.29,302.78"/>
    <junction id="42469228" type="dead_end" x="65.16" y="517.55" incLanes="" intLanes="" shape="65.16,517.55 65.01,512.35"/>
    <junction id="42480566" type="priority" x="393.69" y="607.52" incLanes="gneE13_0" intLanes=":42480566_0_0" shape="395.13,602.20 389.94,602.35 389.75,603.46 389.48,603.86 389.10,604.14 388.60,604.31 388.00,604.37 388.02,607.57 390.24,607.40 392.04,606.94 393.43,606.20 394.41,605.15 394.98,603.82">
        <request index="0" response="0" foes="0" cont="0"/>
    </junction>
    <junction id="42480569" type="priority" x="314.41" y="608.18" incLanes="gneE16_0 gneE3_0 gneE12_0" intLanes=":42480569_0_0 :42480569_1_0 :42480569_2_0 :42480569_3_0" shape="311.28,610.26 314.48,610.16 314.87,609.05 315.40,608.67 316.15,608.39 317.12,608.21 318.31,608.15 318.28,604.95 317.18,604.74 316.79,604.47 316.51,604.09 316.33,603.60 316.26,603.00 309.06,603.21 308.88,604.31 308.61,604.71 308.24,604.99 307.76,605.18 307.16,605.25 307.28,608.45 309.47,608.59 310.25,608.83 310.80,609.19 311.15,609.67">
        <request index="0" response="0000" foes="1100" cont="0"/>
        <request index="1" response="0000" foes="1000" cont="0"/>
        <request index="2" response="0001" foes="0001" cont="0"/>
        <request index="3" response="0011" foes="0011" cont="0"/>
    </junction>
    <junction id="42480571" type="priority" x="230.21" y="611.40" incLanes="802705820_0 802705820_1 802705820_2 gneE11_0" intLanes=":42480571_0_0 :42480571_1_0 :42480571_2_0 :42480571_3_0" shape="230.32,613.44 233.51,613.28 234.26,612.13 235.24,611.71 236.63,611.38 238.43,611.14 240.64,611.00 240.52,607.80 239.40,607.62 239.00,607.36 238.71,606.98 238.53,606.49 238.46,605.88 228.06,606.17 227.87,607.35 227.61,607.77 227.23,608.07 226.73,608.27 226.12,608.35 226.24,611.55 228.46,611.69 229.24,611.95 229.82,612.32 230.17,612.82">
        <request index="0" response="0000" foes="0100" cont="0"/>
        <request index="1" response="0000" foes="1100" cont="0"/>
        <request index="2" response="0011" foes="0011" cont="0"/>
        <request index="3" response="0010" foes="0010" cont="0"/>
    </junction>
    <junction id="42492210" type="dead_end" x="94.02" y="318.88" incLanes="-740570771_0 -740570771_1" intLanes="" shape="94.02,318.88 88.52,321.74 94.02,318.88"/>
    <junction id="42494919" type="priority" x="227.47" y="512.23" incLanes="gneE0_0 5678195#1_0 5678195#1_1 222246977.17_0 222246977.17_1 gneE10_0 :42494919_w1_0 :42494919_w2_0" intLanes=":42494919_4_0 :42494919_1_0 :42494919_2_0 :42494919_5_0 :42494919_c0_0 :42494919_c1_0" shape="225.69,520.07 236.08,519.78 236.26,518.29 236.52,517.77 236.89,517.39 237.38,517.15 237.98,517.05 237.71,509.86 235.66,509.86 233.98,509.71 232.67,509.41 231.73,508.95 231.15,508.34 230.94,507.58 225.75,507.72 225.51,508.82 225.18,509.22 224.71,509.51 224.11,509.69 223.37,509.77 223.67,518.17 224.76,518.35 225.15,518.61 225.44,518.98 225.61,519.47">
        <request index="0" response="010000" foes="110100" cont="1"/>
        <request index="1" response="000000" foes="101100" cont="0"/>
        <request index="2" response="000011" foes="010011" cont="0"/>
        <request index="3" response="000010" foes="000010" cont="1"/>
        <request index="4" response="000100" foes="000101" cont="0"/>
        <request index="5" response="000011" foes="000011" cont="0"/>
    </junction>
    <junction id="42494920" type="traffic_light" x="311.54" y="509.17" incLanes="222246980#0_0 222246980#0_1 5678195#0_0 5678195#0_1 -5678195#1_0 :42494920_w1_0 :42494920_w2_0 :42494920_w3_0 :42494920_w0_0" intLanes=":42494920_4_0 :42494920_1_0 :42494920_2_0 :42494920_5_0 :42494920_c0_0 :42494920_c1_0 :42494920_c2_0 :42494920_c3_0" shape="306.55,516.56 313.75,516.35 313.94,515.20 314.20,514.80 314.58,514.50 315.08,514.31 315.69,514.24 315.45,507.04 314.13,506.86 313.66,506.60 313.32,506.22 313.11,505.73 313.03,505.12 307.83,505.26 307.46,506.41 306.96,506.82 306.26,507.13 305.35,507.34 304.23,507.43 304.49,514.63 305.61,514.81 306.01,515.08 306.30,515.45 306.48,515.95">
        <request index="0" response="10010000" foes="10010100" cont="1"/>
        <request index="1" response="01011000" foes="01011100" cont="0"/>
        <request index="2" response="10100011" foes="10100011" cont="0"/>
        <request index="3" response="01100010" foes="01100010" cont="1"/>
        <request index="4" response="00000000" foes="00000011" cont="0"/>
        <request index="5" response="00000000" foes="00001100" cont="0"/>
        <request index="6" response="00000000" foes="00001010" cont="0"/>
        <request index="7" response="00000000" foes="00000101" cont="0"/>
    </junction>
    <junction id="42494921" type="priority" x="390.60" y="506.59" incLanes="46788738_0 46788738_1 -5680993_0 -5678195#0_0 :42494921_w2_0 :42494921_w0_0" intLanes=":42494921_2_0 :42494921_1_0 :42494921_c0_0 :42494921_c1_0" shape="387.64,523.75 392.83,523.51 392.55,502.73 385.35,502.82 385.15,503.90 384.89,504.29 384.51,504.57 384.03,504.75 383.44,504.82 383.67,512.02 385.72,513.27 386.47,514.89 387.04,517.18 387.43,520.13">
        <request index="0" response="1000" foes="1000" cont="1"/>
        <request index="1" response="0000" foes="0100" cont="0"/>
        <request index="2" response="0010" foes="0010" cont="0"/>
        <request index="3" response="0000" foes="0001" cont="0"/>
    </junction>
    <junction id="4735727610" type="traffic_light" x="140.88" y="515.32" incLanes="386201385_0 386201385_1 717725269_0 717725269_1 -852459539_0 -852459539_1 gneE8_0 gneE8_1 :4735727610_w1_0 :4735727610_w2_0 :4735727610_w3_0 :4735727610_w0_0" intLanes=":4735727610_0_0 :4735727610_6_0 :4735727610_7_0 :4735727610_3_0 :4735727610_8_0 :4735727610_9_0 :4735727610_c0_0 :4735727610_c1_0 :4735727610_c2_0 :4735727610_c3_0" shape="134.88,522.74 147.28,522.40 147.43,521.56 147.64,521.26 147.95,521.04 148.34,520.90 148.82,520.84 148.52,512.44 147.68,512.03 147.38,511.50 147.15,510.74 147.01,509.75 146.94,508.55 134.54,508.80 134.39,509.64 134.18,509.94 133.88,510.16 133.50,510.29 133.03,510.35 133.18,515.55 134.04,516.33 134.36,517.32 134.61,518.73 134.78,520.53">
        <request index="0" response="0101110100" foes="0101110100" cont="0"/>
        <request index="1" response="0011101000" foes="0011101000" cont="1"/>
        <request index="2" response="0110011001" foes="0110011001" cont="1"/>
        <request index="3" response="0101100110" foes="0101100110" cont="0"/>
        <request index="4" response="1100000101" foes="1100000101" cont="1"/>
        <request index="5" response="1001001011" foes="1001001011" cont="1"/>
        <request index="6" response="0000000000" foes="0000101011" cont="0"/>
        <request index="7" response="0000000000" foes="0000000110" cont="0"/>
        <request index="8" response="0000000000" foes="0000011101" cont="0"/>
        <request index="9" response="0000000000" foes="0000110000" cont="0"/>
    </junction>
    <junction id="cluster_588036470_gneJ1" type="traffic_light" x="221.08" y="394.87" incLanes="221604537#0_0 221604537#0_1 -221604537#1_0 -221604537#1_1 :cluster_588036470_gneJ1_w1_0 :cluster_588036470_gneJ1_w2_0" intLanes=":cluster_588036470_gneJ1_0_0 :cluster_588036470_gneJ1_1_0 :cluster_588036470_gneJ1_2_0 :cluster_588036470_gneJ1_4_0 :cluster_588036470_gneJ1_c0_0 :cluster_588036470_gneJ1_c1_0 :cluster_588036470_gneJ1_c2_0" shape="222.79,401.05 227.99,400.91 227.93,397.27 227.96,394.26 228.08,391.86 228.29,390.09 228.60,388.93 229.00,388.40 224.30,379.12 214.40,384.13 219.14,393.39 221.05,393.47 221.75,394.43 222.27,396.02 222.62,398.23">
        <request index="0" response="0110000" foes="0111000" cont="0"/>
        <request index="1" response="1110000" foes="1111000" cont="0"/>
        <request index="2" response="1010000" foes="1010000" cont="0"/>
        <request index="3" response="1000011" foes="1000011" cont="1"/>
        <request index="4" response="0000000" foes="0000111" cont="0"/>
        <request index="5" response="0000000" foes="0000011" cont="0"/>
        <request index="6" response="0000000" foes="0001110" cont="0"/>
    </junction>
    <junction id="gneJ0" type="priority" x="231.77" y="641.42" incLanes="gneE14_0" intLanes=":gneJ0_0_0" shape="234.92,641.30 234.80,638.11 231.61,638.27 232.05,640.01 232.52,640.60 233.15,641.02 233.95,641.25">
        <request index="0" response="0" foes="0" cont="0"/>
    </junction>
    <junction id="gneJ1" type="priority" x="315.43" y="638.33" incLanes="gneE15_0" intLanes=":gneJ1_0_0" shape="315.32,635.14 312.12,635.25 312.24,638.45 314.00,638.03 314.61,637.56 315.03,636.93 315.27,636.12">
        <request index="0" response="0" foes="0" cont="0"/>
    </junction>

    <junction id=":42464827_9_0" type="internal" x="139.45" y="430.06" incLanes=":42464827_1_0 222248833_1" intLanes=":42464827_3_0 :42464827_4_0 :42464827_5_0 :42464827_7_0 :42464827_8_0 :42464827_c0_0 :42464827_c1_0"/>
    <junction id=":42464827_10_0" type="internal" x="141.15" y="435.22" incLanes=":42464827_2_0" intLanes=":42464827_5_0 :42464827_8_0 :42464827_c0_0 :42464827_c1_0"/>
    <junction id=":42464827_11_0" type="internal" x="142.62" y="426.77" incLanes=":42464827_4_0 -46121867#1_1" intLanes=":42464827_0_0 :42464827_1_0 :42464827_5_0 :42464827_6_0 :42464827_7_0 :42464827_c1_0 :42464827_c2_0"/>
    <junction id=":42464827_12_0" type="internal" x="135.98" y="423.07" incLanes=":42464827_6_0" intLanes=":42464827_0_0 :42464827_4_0 :42464827_c2_0 :42464827_c3_0"/>
    <junction id=":42464827_13_0" type="internal" x="135.53" y="430.39" incLanes=":42464827_8_0 221604537#1_1" intLanes=":42464827_0_0 :42464827_1_0 :42464827_2_0 :42464827_3_0 :42464827_5_0 :42464827_c0_0 :42464827_c3_0"/>
    <junction id=":42464832_1_0" type="internal" x="304.30" y="347.43" incLanes=":42464832_0_0" intLanes=":42464832_c0_0"/>
    <junction id=":42494919_4_0" type="internal" x="232.89" y="516.87" incLanes=":42494919_0_0" intLanes=":42494919_2_0 :42494919_c0_0 :42494919_c1_0"/>
    <junction id=":42494919_5_0" type="internal" x="226.49" y="512.78" incLanes=":42494919_3_0 5678195#1_1" intLanes=":42494919_1_0"/>
    <junction id=":42494920_4_0" type="internal" x="307.39" y="511.60" incLanes=":42494920_0_0" intLanes=":42494920_2_0 :42494920_c0_0 :42494920_c3_0"/>
    <junction id=":42494920_5_0" type="internal" x="312.00" y="508.15" incLanes=":42494920_3_0" intLanes=":42494920_1_0 :42494920_c1_0 :42494920_c2_0"/>
    <junction id=":42494921_2_0" type="internal" x="387.62" y="510.33" incLanes=":42494921_0_0" intLanes=":42494921_c1_0"/>
    <junction id=":4735727610_6_0" type="internal" x="143.55" y="519.50" incLanes=":4735727610_1_0" intLanes=":4735727610_3_0 :4735727610_5_0 :4735727610_c0_0 :4735727610_c1_0"/>
    <junction id=":4735727610_7_0" type="internal" x="140.02" y="511.69" incLanes=":4735727610_2_0" intLanes=":4735727610_0_0 :4735727610_3_0 :4735727610_4_0 :4735727610_c1_0 :4735727610_c2_0"/>
    <junction id=":4735727610_8_0" type="internal" x="138.26" y="511.73" incLanes=":4735727610_4_0" intLanes=":4735727610_0_0 :4735727610_2_0 :4735727610_c2_0 :4735727610_c3_0"/>
    <junction id=":4735727610_9_0" type="internal" x="141.80" y="519.55" incLanes=":4735727610_5_0" intLanes=":4735727610_0_0 :4735727610_1_0 :4735727610_3_0 :4735727610_c0_0 :4735727610_c3_0"/>
    <junction id=":cluster_588036470_gneJ1_4_0" type="internal" x="220.04" y="387.11" incLanes=":cluster_588036470_gneJ1_3_0 221604537#0_1" intLanes=":cluster_588036470_gneJ1_0_0 :cluster_588036470_gneJ1_1_0 :cluster_588036470_gneJ1_c2_0"/>

    <connection from="-221604537#1" to="-221604537#0" fromLane="1" toLane="1" via=":cluster_588036470_gneJ1_2_0" tl="gneJ2" linkIndex="2" dir="s" state="o"/>
    <connection from="-221604537#1" to="222246977.17" fromLane="1" toLane="1" via=":cluster_588036470_gneJ1_3_0" tl="gneJ2" linkIndex="3" dir="l" state="o"/>
    <connection from="-386201385" to="gneE11" fromLane="1" toLane="0" via=":1693893347_0_0" dir="r" state="M"/>
    <connection from="-46121867#1" to="-740570771" fromLane="1" toLane="1" via=":42464827_6_0" tl="42464827" linkIndex="6" dir="r" state="o"/>
    <connection from="-46121867#1" to="-221604537#1" fromLane="1" toLane="1" via=":42464827_7_0" tl="42464827" linkIndex="7" dir="s" state="o"/>
    <connection from="-46121867#1" to="-852459539" fromLane="1" toLane="1" via=":42464827_8_0" tl="42464827" linkIndex="8" dir="l" state="o"/>
    <connection from="-852459539" to="-386201385" fromLane="1" toLane="1" via=":4735727610_3_0" tl="4735727610" linkIndex="3" dir="s" state="o"/>
    <connection from="221604537#0" to="222246977.17" fromLane="1" toLane="1" via=":cluster_588036470_gneJ1_0_0" tl="gneJ2" linkIndex="0" dir="r" state="o"/>
    <connection from="221604537#0" to="221604537#1" fromLane="1" toLane="1" via=":cluster_588036470_gneJ1_1_0" tl="gneJ2" linkIndex="1" dir="s" state="o"/>
    <connection from="221604537#1" to="-852459539" fromLane="1" toLane="1" via=":42464827_2_0" tl="42464827" linkIndex="2" dir="r" state="o"/>
    <connection from="221604537#1" to="46121867#0" fromLane="1" toLane="1" via=":42464827_3_0" tl="42464827" linkIndex="3" dir="s" state="o"/>
    <connection from="221604537#1" to="-740570771" fromLane="1" toLane="1" via=":42464827_4_0" tl="42464827" linkIndex="4" dir="l" state="o"/>
    <connection from="222246977.17" to="802705820" fromLane="1" toLane="1" via=":42494919_2_0" dir="s" state="m"/>
    <connection from="222246977.17" to="717725269" fromLane="1" toLane="1" via=":42494919_3_0" dir="l" state="m"/>
    <connection from="222246978" to="-740570771" fromLane="1" toLane="1" via=":42464827_0_0" tl="42464827" linkIndex="0" dir="s" state="o"/>
    <connection from="222246978" to="-221604537#1" fromLane="1" toLane="1" via=":42464827_1_0" tl="42464827" linkIndex="1" dir="l" state="o"/>
    <connection from="222246980#0" to="5678195#1" fromLane="1" toLane="1" via=":42494920_0_0" tl="42494920" linkIndex="0" dir="r" state="o"/>
    <connection from="222246980#0" to="222246980#1" fromLane="1" toLane="1" via=":42494920_1_0" tl="42494920" linkIndex="1" dir="s" state="o"/>
    <connection from="222246980#1" to="221604537#0" fromLane="1" toLane="1" via=":42464832_0_0" tl="joinedS_0" linkIndex="0" dir="r" state="o"/>
    <connection from="222248833" to="-852459539" fromLane="1" toLane="1" via=":42464827_5_0" tl="42464827" linkIndex="5" dir="s" state="o"/>
    <connection from="386201385" to="222246978" fromLane="1" toLane="1" via=":4735727610_0_0" tl="4735727610" linkIndex="0" dir="s" state="o"/>
    <connection from="46788738" to="5678195#0" fromLane="1" toLane="1" via=":42494921_0_0" dir="r" state="m"/>
    <connection from="46788738" to="5680993" fromLane="1" toLane="1" via=":42494921_1_0" dir="s" state="M"/>
    <connection from="5678195#0" to="5678195#1" fromLane="1" toLane="1" via=":42494920_2_0" tl="42494920" linkIndex="2" dir="s" state="o"/>
    <connection from="5678195#0" to="222246980#1" fromLane="1" toLane="1" via=":42494920_3_0" tl="42494920" linkIndex="3" dir="l" state="o"/>
    <connection from="5678195#1" to="802705820" fromLane="1" toLane="1" via=":42494919_0_0" dir="r" state="m"/>
    <connection from="5678195#1" to="717725269" fromLane="1" toLane="1" via=":42494919_1_0" dir="s" state="M"/>
    <connection from="717725269" to="-386201385" fromLane="1" toLane="1" via=":4735727610_1_0" tl="4735727610" linkIndex="1" dir="r" state="o"/>
    <connection from="717725269" to="222246978" fromLane="1" toLane="1" via=":4735727610_2_0" tl="4735727610" linkIndex="2" dir="l" state="o"/>
    <connection from="802705820" to="gneE12" fromLane="1" toLane="0" via=":42480571_0_0" dir="r" state="M"/>
    <connection from="802705820" to="gneE14" fromLane="2" toLane="0" via=":42480571_1_0" dir="s" state="M"/>
    <connection from="gneE11" to="gneE12" fromLane="0" toLane="0" via=":42480571_2_0" dir="s" state="m"/>
    <connection from="gneE11" to="gneE14" fromLane="0" toLane="0" via=":42480571_3_0" dir="l" state="m"/>
    <connection from="gneE12" to="222246980#0" fromLane="0" toLane="1" via=":42480569_2_0" dir="r" state="m"/>
    <connection from="gneE12" to="gneE13" fromLane="0" toLane="0" via=":42480569_3_0" dir="s" state="m"/>
    <connection from="gneE13" to="46788738" fromLane="0" toLane="1" via=":42480566_0_0" dir="r" state="M"/>
    <connection from="gneE14" to="gneE15" fromLane="0" toLane="0" via=":gneJ0_0_0" dir="r" state="M"/>
    <connection from="gneE15" to="gneE16" fromLane="0" toLane="0" via=":gneJ1_0_0" dir="r" state="M"/>
    <connection from="gneE16" to="222246980#0" fromLane="0" toLane="1" via=":42480569_0_0" dir="s" state="M"/>
    <connection from="gneE16" to="gneE13" fromLane="0" toLane="0" via=":42480569_1_0" dir="l" state="M"/>
    <connection from="gneE8" to="222246978" fromLane="1" toLane="1" via=":4735727610_4_0" tl="4735727610" linkIndex="4" dir="r" state="o"/>
    <connection from="gneE8" to="-386201385" fromLane="1" toLane="1" via=":4735727610_5_0" tl="4735727610" linkIndex="5" dir="l" state="o"/>

    <connection from=":1693893347_0" to="gneE11" fromLane="0" toLane="0" dir="r" state="M"/>
    <connection from=":42464827_0" to="-740570771" fromLane="0" toLane="1" dir="s" state="M"/>
    <connection from=":42464827_1" to="-221604537#1" fromLane="0" toLane="1" via=":42464827_9_0" dir="l" state="m"/>
    <connection from=":42464827_9" to="-221604537#1" fromLane="0" toLane="1" dir="l" state="M"/>
    <connection from=":42464827_2" to="-852459539" fromLane="0" toLane="1" via=":42464827_10_0" dir="r" state="m"/>
    <connection from=":42464827_10" to="-852459539" fromLane="0" toLane="1" dir="r" state="M"/>
    <connection from=":42464827_3" to="46121867#0" fromLane="0" toLane="1" dir="s" state="M"/>
    <connection from=":42464827_4" to="-740570771" fromLane="0" toLane="1" via=":42464827_11_0" dir="l" state="m"/>
    <connection from=":42464827_11" to="-740570771" fromLane="0" toLane="1" dir="l" state="M"/>
    <connection from=":42464827_5" to="-852459539" fromLane="0" toLane="1" dir="s" state="M"/>
    <connection from=":42464827_6" to="-740570771" fromLane="0" toLane="1" via=":42464827_12_0" dir="r" state="m"/>
    <connection from=":42464827_12" to="-740570771" fromLane="0" toLane="1" dir="r" state="M"/>
    <connection from=":42464827_7" to="-221604537#1" fromLane="0" toLane="1" dir="s" state="M"/>
    <connection from=":42464827_8" to="-852459539" fromLane="0" toLane="1" via=":42464827_13_0" dir="l" state="m"/>
    <connection from=":42464827_13" to="-852459539" fromLane="0" toLane="1" dir="l" state="M"/>
    <connection from=":42464832_0" to="221604537#0" fromLane="0" toLane="1" via=":42464832_1_0" dir="r" state="m"/>
    <connection from=":42464832_1" to="221604537#0" fromLane="0" toLane="1" dir="r" state="M"/>
    <connection from=":42480566_0" to="46788738" fromLane="0" toLane="1" dir="r" state="M"/>
    <connection from=":42480569_0" to="222246980#0" fromLane="0" toLane="1" dir="s" state="M"/>
    <connection from=":42480569_1" to="gneE13" fromLane="0" toLane="0" dir="l" state="M"/>
    <connection from=":42480569_2" to="222246980#0" fromLane="0" toLane="1" dir="r" state="M"/>
    <connection from=":42480569_3" to="gneE13" fromLane="0" toLane="0" dir="s" state="M"/>
    <connection from=":42480571_0" to="gneE12" fromLane="0" toLane="0" dir="r" state="M"/>
    <connection from=":42480571_1" to="gneE14" fromLane="0" toLane="0" dir="s" state="M"/>
    <connection from=":42480571_2" to="gneE12" fromLane="0" toLane="0" dir="s" state="M"/>
    <connection from=":42480571_3" to="gneE14" fromLane="0" toLane="0" dir="l" state="M"/>
    <connection from=":42494919_0" to="802705820" fromLane="0" toLane="1" via=":42494919_4_0" dir="r" state="m"/>
    <connection from=":42494919_4" to="802705820" fromLane="0" toLane="1" dir="r" state="M"/>
    <connection from=":42494919_1" to="717725269" fromLane="0" toLane="1" dir="s" state="M"/>
    <connection from=":42494919_2" to="802705820" fromLane="0" toLane="1" dir="s" state="M"/>
    <connection from=":42494919_3" to="717725269" fromLane="0" toLane="1" via=":42494919_5_0" dir="l" state="m"/>
    <connection from=":42494919_5" to="717725269" fromLane="0" toLane="1" dir="l" state="M"/>
    <connection from=":42494920_0" to="5678195#1" fromLane="0" toLane="1" via=":42494920_4_0" dir="r" state="m"/>
    <connection from=":42494920_4" to="5678195#1" fromLane="0" toLane="1" dir="r" state="M"/>
    <connection from=":42494920_1" to="222246980#1" fromLane="0" toLane="1" dir="s" state="M"/>
    <connection from=":42494920_2" to="5678195#1" fromLane="0" toLane="1" dir="s" state="M"/>
    <connection from=":42494920_3" to="222246980#1" fromLane="0" toLane="1" via=":42494920_5_0" dir="l" state="m"/>
    <connection from=":42494920_5" to="222246980#1" fromLane="0" toLane="1" dir="l" state="M"/>
    <connection from=":42494921_0" to="5678195#0" fromLane="0" toLane="1" via=":42494921_2_0" dir="r" state="m"/>
    <connection from=":42494921_2" to="5678195#0" fromLane="0" toLane="1" dir="r" state="M"/>
    <connection from=":42494921_1" to="5680993" fromLane="0" toLane="1" dir="s" state="M"/>
    <connection from=":4735727610_0" to="222246978" fromLane="0" toLane="1" dir="s" state="M"/>
    <connection from=":4735727610_1" to="-386201385" fromLane="0" toLane="1" via=":4735727610_6_0" dir="r" state="m"/>
    <connection from=":4735727610_6" to="-386201385" fromLane="0" toLane="1" dir="r" state="M"/>
    <connection from=":4735727610_2" to="222246978" fromLane="0" toLane="1" via=":4735727610_7_0" dir="l" state="m"/>
    <connection from=":4735727610_7" to="222246978" fromLane="0" toLane="1" dir="l" state="M"/>
    <connection from=":4735727610_3" to="-386201385" fromLane="0" toLane="1" dir="s" state="M"/>
    <connection from=":4735727610_4" to="222246978" fromLane="0" toLane="1" via=":4735727610_8_0" dir="r" state="m"/>
    <connection from=":4735727610_8" to="222246978" fromLane="0" toLane="1" dir="r" state="M"/>
    <connection from=":4735727610_5" to="-386201385" fromLane="0" toLane="1" via=":4735727610_9_0" dir="l" state="m"/>
    <connection from=":4735727610_9" to="-386201385" fromLane="0" toLane="1" dir="l" state="M"/>
    <connection from=":cluster_588036470_gneJ1_0" to="222246977.17" fromLane="0" toLane="1" dir="r" state="M"/>
    <connection from=":cluster_588036470_gneJ1_1" to="221604537#1" fromLane="0" toLane="1" dir="s" state="M"/>
    <connection from=":cluster_588036470_gneJ1_2" to="-221604537#0" fromLane="0" toLane="1" dir="s" state="M"/>
    <connection from=":cluster_588036470_gneJ1_3" to="222246977.17" fromLane="0" toLane="1" via=":cluster_588036470_gneJ1_4_0" dir="l" state="m"/>
    <connection from=":cluster_588036470_gneJ1_4" to="222246977.17" fromLane="0" toLane="1" dir="l" state="M"/>
    <connection from=":gneJ0_0" to="gneE15" fromLane="0" toLane="0" dir="r" state="M"/>
    <connection from=":gneJ1_0" to="gneE16" fromLane="0" toLane="0" dir="r" state="M"/>

    <connection from=":1693893347_w0" to="386201385" fromLane="0" toLane="0" dir="s" state="M"/>
    <connection from=":1693893347_w0" to="gneE11" fromLane="0" toLane="0" dir="s" state="M"/>
    <connection from="-386201385" to=":1693893347_w0" fromLane="0" toLane="0" dir="s" state="M"/>
    <connection from=":278630368_w0" to="-46121867#1" fromLane="0" toLane="0" dir="s" state="M"/>
    <connection from="46121867#0" to=":278630368_w0" fromLane="0" toLane="0" dir="s" state="M"/>
    <connection from=":42464827_c0" to=":42464827_w0" fromLane="0" toLane="0" tl="42464827" linkIndex="12" dir="s" state="M"/>
    <connection from=":42464827_c1" to=":42464827_w1" fromLane="0" toLane="0" tl="42464827" linkIndex="13" dir="s" state="M"/>
    <connection from=":42464827_c2" to=":42464827_w2" fromLane="0" toLane="0" tl="42464827" linkIndex="14" dir="s" state="M"/>
    <connection from=":42464827_c3" to=":42464827_w3" fromLane="0" toLane="0" tl="42464827" linkIndex="15" dir="s" state="M"/>
    <connection from=":42464827_w0" to=":42464827_c3" fromLane="0" toLane="0" tl="42464827" linkIndex="12" dir="s" state="M"/>
    <connection from=":42464827_w0" to="46121867#0" fromLane="0" toLane="0" dir="s" state="M"/>
    <connection from="222246978" to=":42464827_w0" fromLane="0" toLane="0" dir="s" state="M"/>
    <connection from=":42464827_w1" to=":42464827_c0" fromLane="0" toLane="0" tl="42464827" linkIndex="9" dir="s" state="M"/>
    <connection from=":42464827_w1" to="-852459539" fromLane="0" toLane="0" dir="s" state="M"/>
    <connection from="221604537#1" to=":42464827_w1" fromLane="0" toLane="0" dir="s" state="M"/>
    <connection from=":42464827_w2" to=":42464827_c1" fromLane="0" toLane="0" tl="42464827" linkIndex="10" dir="s" state="M"/>
    <connection from=":42464827_w2" to="-221604537#1" fromLane="0" toLane="0" dir="s" state="M"/>
    <connection from="222248833" to=":42464827_w2" fromLane="0" toLane="0" dir="s" state="M"/>
    <connection from=":42464827_w3" to=":42464827_c2" fromLane="0" toLane="0" tl="42464827" linkIndex="11" dir="s" state="M"/>
    <connection from=":42464827_w3" to="-740570771" fromLane="0" toLane="0" dir="s" state="M"/>
    <connection from="-46121867#1" to=":42464827_w3" fromLane="0" toLane="0" dir="s" state="M"/>
    <connection from=":42464832_c0" to=":42464832_w1" fromLane="0" toLane="0" dir="s" state="M"/>
    <connection from=":42464832_w0" to=":42464832_c0" fromLane="0" toLane="0" tl="joinedS_0" linkIndex="12" dir="s" state="M"/>
    <connection from=":42464832_w0" to="221604537#0" fromLane="0" toLane="0" dir="s" state="M"/>
    <connection from="222246980#1" to=":42464832_w0" fromLane="0" toLane="0" dir="s" state="M"/>
    <connection from="-221604537#0" to=":42464832_w1" fromLane="0" toLane="0" dir="s" state="M"/>
    <connection from=":42464836_w0" to="-5680993" fromLane="0" toLane="0" dir="s" state="M"/>
    <connection from="5680993" to=":42464836_w0" fromLane="0" toLane="0" dir="s" state="M"/>
    <connection from=":42480566_w0" to="46788738" fromLane="0" toLane="0" dir="s" state="M"/>
    <connection from="gneE13" to=":42480566_w0" fromLane="0" toLane="0" dir="s" state="M"/>
    <connection from=":42480569_w0" to="222246980#0" fromLane="0" toLane="0" dir="s" state="M"/>
    <connection from=":42480569_w0" to="gneE13" fromLane="0" toLane="0" dir="s" state="M"/>
    <connection from="gneE12" to=":42480569_w0" fromLane="0" toLane="0" dir="s" state="M"/>
    <connection from="gneE16" to=":42480569_w0" fromLane="0" toLane="0" dir="s" state="M"/>
    <connection from="gneE3" to=":42480569_w0" fromLane="0" toLane="0" dir="s" state="M"/>
    <connection from=":42480571_w0" to="gneE0" fromLane="0" toLane="0" dir="s" state="M"/>
    <connection from=":42480571_w0" to="gneE14" fromLane="0" toLane="0" dir="s" state="M"/>
    <connection from=":42480571_w0" to="gneE12" fromLane="0" toLane="0" dir="s" state="M"/>
    <connection from="gneE11" to=":42480571_w0" fromLane="0" toLane="0" dir="s" state="M"/>
    <connection from="802705820" to=":42480571_w0" fromLane="0" toLane="0" dir="s" state="M"/>
    <connection from=":42492210_w0" to="222248833" fromLane="0" toLane="0" dir="s" state="M"/>
    <connection from="-740570771" to=":42492210_w0" fromLane="0" toLane="0" dir="s" state="M"/>
    <connection from=":42494919_c0" to=":42494919_w0" fromLane="0" toLane="0" dir="s" state="M"/>
    <connection from=":42494919_c1" to=":42494919_w1" fromLane="0" toLane="0" dir="s" state="M"/>
    <connection from=":42494919_w0" to="717725269" fromLane="0" toLane="0" dir="s" state="M"/>
    <connection from="gneE0" to=":42494919_w0" fromLane="0" toLane="0" dir="s" state="M"/>
    <connection from=":42494919_w1" to=":42494919_c0" fromLane="0" toLane="0" dir="s" state="m"/>
    <connection from=":42494919_w1" to="802705820" fromLane="0" toLane="0" dir="s" state="M"/>
    <connection from="5678195#1" to=":42494919_w1" fromLane="0" toLane="0" dir="s" state="M"/>
    <connection from=":42494919_w2" to=":42494919_c1" fromLane="0" toLane="0" dir="s" state="m"/>
    <connection from=":42494919_w2" to="-5678195#1" fromLane="0" toLane="0" dir="s" state="M"/>
    <connection from="222246977.17" to=":42494919_w2" fromLane="0" toLane="0" dir="s" state="M"/>
    <connection from=":42494920_c0" to=":42494920_w0" fromLane="0" toLane="0" dir="s" state="M"/>
    <connection from=":42494920_c1" to=":42494920_w1" fromLane="0" toLane="0" dir="s" state="M"/>
    <connection from=":42494920_c2" to=":42494920_w2" fromLane="0" toLane="0" dir="s" state="M"/>
    <connection from=":42494920_c3" to=":42494920_w3" fromLane="0" toLane="0" dir="s" state="M"/>
    <connection from=":42494920_w0" to=":42494920_c3" fromLane="0" toLane="0" tl="42494920" linkIndex="7" dir="s" state="M"/>
    <connection from=":42494920_w0" to="5678195#1" fromLane="0" toLane="0" dir="s" state="M"/>
    <connection from="222246980#0" to=":42494920_w0" fromLane="0" toLane="0" dir="s" state="M"/>
    <connection from=":42494920_w1" to=":42494920_c0" fromLane="0" toLane="0" tl="42494920" linkIndex="4" dir="s" state="M"/>
    <connection from=":42494920_w1" to="gneE3" fromLane="0" toLane="0" dir="s" state="M"/>
    <connection from="5678195#0" to=":42494920_w1" fromLane="0" toLane="0" dir="s" state="M"/>
    <connection from=":42494920_w2" to=":42494920_c1" fromLane="0" toLane="0" tl="42494920" linkIndex="5" dir="s" state="M"/>
    <connection from=":42494920_w2" to="-5678195#0" fromLane="0" toLane="0" dir="s" state="M"/>
    <connection from=":42494920_w3" to=":42494920_c2" fromLane="0" toLane="0" tl="42494920" linkIndex="6" dir="s" state="M"/>
    <connection from=":42494920_w3" to="222246980#1" fromLane="0" toLane="0" dir="s" state="M"/>
    <connection from="-5678195#1" to=":42494920_w3" fromLane="0" toLane="0" dir="s" state="M"/>
    <connection from=":42494921_c0" to=":42494921_w1" fromLane="0" toLane="0" dir="s" state="M"/>
    <connection from=":42494921_c1" to=":42494921_w2" fromLane="0" toLane="0" dir="s" state="M"/>
    <connection from=":42494921_w0" to=":42494921_c1" fromLane="0" toLane="0" dir="s" state="m"/>
    <connection from=":42494921_w0" to="5678195#0" fromLane="0" toLane="0" dir="s" state="M"/>
    <connection from="46788738" to=":42494921_w0" fromLane="0" toLane="0" dir="s" state="M"/>
    <connection from="-5680993" to=":42494921_w1" fromLane="0" toLane="0" dir="s" state="M"/>
    <connection from=":42494921_w2" to=":42494921_c0" fromLane="0" toLane="0" dir="s" state="m"/>
    <connection from=":42494921_w2" to="5680993" fromLane="0" toLane="0" dir="s" state="M"/>
    <connection from="-5678195#0" to=":42494921_w2" fromLane="0" toLane="0" dir="s" state="M"/>
    <connection from=":4735727610_c0" to=":4735727610_w0" fromLane="0" toLane="0" dir="s" state="M"/>
    <connection from=":4735727610_c1" to=":4735727610_w1" fromLane="0" toLane="0" dir="s" state="M"/>
    <connection from=":4735727610_c2" to=":4735727610_w2" fromLane="0" toLane="0" dir="s" state="M"/>
    <connection from=":4735727610_c3" to=":4735727610_w3" fromLane="0" toLane="0" dir="s" state="M"/>
    <connection from=":4735727610_w0" to=":4735727610_c3" fromLane="0" toLane="0" tl="4735727610" linkIndex="9" dir="s" state="M"/>
    <connection from="386201385" to=":4735727610_w0" fromLane="0" toLane="0" dir="s" state="M"/>
    <connection from=":4735727610_w1" to=":4735727610_c0" fromLane="0" toLane="0" tl="4735727610" linkIndex="8" dir="s" state="M"/>
    <connection from=":4735727610_w1" to="-386201385" fromLane="0" toLane="0" dir="s" state="M"/>
    <connection from="717725269" to=":4735727610_w1" fromLane="0" toLane="0" dir="s" state="M"/>
    <connection from=":4735727610_w2" to=":4735727610_c1" fromLane="0" toLane="0" tl="4735727610" linkIndex="7" dir="s" state="M"/>
    <connection from=":4735727610_w2" to="gneE10" fromLane="0" toLane="0" dir="s" state="M"/>
    <connection from="-852459539" to=":4735727610_w2" fromLane="0" toLane="0" dir="s" state="M"/>
    <connection from=":4735727610_w3" to=":4735727610_c2" fromLane="0" toLane="0" tl="4735727610" linkIndex="7" dir="s" state="M"/>
    <connection from=":4735727610_w3" to="222246978" fromLane="0" toLane="0" dir="s" state="M"/>
    <connection from="gneE8" to=":4735727610_w3" fromLane="0" toLane="0" dir="s" state="M"/>
    <connection from=":cluster_588036470_gneJ1_c0" to=":cluster_588036470_gneJ1_w0" fromLane="0" toLane="0" dir="s" state="M"/>
    <connection from=":cluster_588036470_gneJ1_c1" to=":cluster_588036470_gneJ1_w0" fromLane="0" toLane="0" dir="s" state="M"/>
    <connection from=":cluster_588036470_gneJ1_c2" to=":cluster_588036470_gneJ1_w1" fromLane="0" toLane="0" dir="s" state="M"/>
    <connection from=":cluster_588036470_gneJ1_w0" to="222246977.17" fromLane="0" toLane="0" dir="s" state="M"/>
    <connection from="221604537#0" to=":cluster_588036470_gneJ1_w0" fromLane="0" toLane="0" dir="s" state="M"/>
    <connection from=":cluster_588036470_gneJ1_w1" to=":cluster_588036470_gneJ1_c0" fromLane="0" toLane="0" tl="gneJ2" linkIndex="10" dir="s" state="M"/>
    <connection from=":cluster_588036470_gneJ1_w1" to="-221604537#0" fromLane="0" toLane="0" dir="s" state="M"/>
    <connection from="-221604537#1" to=":cluster_588036470_gneJ1_w1" fromLane="0" toLane="0" dir="s" state="M"/>
    <connection from=":cluster_588036470_gneJ1_w2" to=":cluster_588036470_gneJ1_c1" fromLane="0" toLane="0" tl="gneJ2" linkIndex="5" dir="s" state="M"/>
    <connection from=":cluster_588036470_gneJ1_w2" to=":cluster_588036470_gneJ1_c2" fromLane="0" toLane="0" tl="gneJ2" linkIndex="12" dir="s" state="M"/>
    <connection from=":cluster_588036470_gneJ1_w2" to="221604537#1" fromLane="0" toLane="0" dir="s" state="M"/>
</net>
